track_id,filename,source_dir,title,artists,recorded_date,recorded_year,duration_sec,format,filesize_bytes,side,cassette_number,harvard_url,sha1,flags
track_0015,track_0015_Side_B_Track_2_Nuxurka_sheekada_-_Copy_1.mp3,/Users/khalidibrahim/Downloads/01_raw_mp3,Nuxurka sheekada - Copy 1,Songs of the Play: Ninkeeda ku amaahday,,,92.29,mp3,3692813,B,2.0,https://nrs.lib.harvard.edu/urn-3:fhcl.loeb:33897959,bcd42444c1c67633f4e0cf415be93731aa0d3478,
track_0118,track_0118_Side_B_Track_3.mp3,/Users/khalidibrahim/Downloads/01_raw_mp3,[?],Cabdi Aadan Qays (Abdi Adan Qays),,,72.04,mp3,1610205,B,20.0,https://somalisongs.share.library.harvard.edu/wp-content/uploads/2022/11/AWM_SC_12316_2_3.mp3,fea3535a358685931e3432a0555ee897c5e45614,
track_0129,track_0129_Side_B_Track_3_Caashaqu_sed_weeye.mp3,/Users/khalidibrahim/Downloads/01_raw_mp3,Caashaqu sed weeye,Salaax Qaasim (Salah Kassim),,,229.2,mp3,5017960,B,21.0,https://somalisongs.share.library.harvard.edu/wp-content/uploads/2022/11/AWM_SC_12317_2_3_Caashaqu-sed-weeye.mp3,ca253b436d083bde98de1fb74294816e221751e5,
track_0237,track_0237_Side_A_Track_3_Milgo_1966-08-25.mp3,/Users/khalidibrahim/Downloads/01_raw_mp3,"Milgo, 1966-08-25","Allah aammin ma iisho (Songs from the play by this name), 1966-08-25",1966-08-25,1966.0,397.19,mp3,15888861,A,62.0,https://nrs.lib.harvard.edu/urn-3:fhcl.loeb:33944732,69fde33b5ef95a2e17a0d95af0ec7ae1c5dddd3b,
track_0239,track_0239_Side_A_Track_5_Taliyoo_wax_may_taraysaa_1966-08-25.mp3,/Users/khalidibrahim/Downloads/01_raw_mp3,"Taliyoo wax may taraysaa, 1966-08-25","Allah aammin ma iisho (Songs from the play by this name), 1966-08-25",1966-08-25,1966.0,420.6,mp3,16825091,A,62.0,https://nrs.lib.harvard.edu/urn-3:fhcl.loeb:33944728,a8e2f0033ee7a866ccdcccf1340adc7939079e3d,
track_0240,track_0240_Side_B_Track_1_Haddaad_Wiiq_Is_Lahayd_1966-08-25.mp3,/Users/khalidibrahim/Downloads/01_raw_mp3,"Haddaad Wiiq Is Lahayd, 1966-08-25","Allah aammin ma iisho (Songs from the play by this name), 1966-08-25",1966-08-25,1966.0,415.84,mp3,16634918,B,62.0,https://nrs.lib.harvard.edu/urn-3:fhcl.loeb:33944734,4e735f898d48db1328196464e9c22353260116f0,
track_0241,track_0241_Side_B_Track_2_In_la_i_talinaayo_1966-08-25.mp3,/Users/khalidibrahim/Downloads/01_raw_mp3,"In la i talinaayo, 1966-08-25","Allah aammin ma iisho (Songs from the play by this name), 1966-08-25",1966-08-25,1966.0,342.36,mp3,13695622,B,62.0,https://nrs.lib.harvard.edu/urn-3:fhcl.loeb:33944730,dbdb20715a07b2f147ac8a4c33d995f9b19dd055,
track_0242,track_0242_Side_B_Track_3_Geeri_Doortee_1966-08-25.mp3,/Users/khalidibrahim/Downloads/01_raw_mp3,"Geeri Doortee, 1966-08-25","Allah aammin ma iisho (Songs from the play by this name), 1966-08-25",1966-08-25,1966.0,217.05,mp3,8683245,B,62.0,https://nrs.lib.harvard.edu/urn-3:fhcl.loeb:33944716,47cfcc59f5aed18d47cf9124c1668de934fdbc1f,
track_0243,track_0243_Side_B_Track_4_Alla_Aammin_1966-08-25.mp3,/Users/khalidibrahim/Downloads/01_raw_mp3,"Alla Aammin, 1966-08-25","Allah aammin ma iisho (Songs from the play by this name), 1966-08-25",1966-08-25,1966.0,319.95,mp3,12799098,B,62.0,https://nrs.lib.harvard.edu/urn-3:fhcl.loeb:33944722,8c2483be93b5accea80e95c140b313445a3beaed,
track_0244,track_0244_Side_B_Track_5_Weynoow_hayna_kala_wadin_1966-08-25.mp3,/Users/khalidibrahim/Downloads/01_raw_mp3,"Weynoow hayna kala wadin, 1966-08-25","Allah aammin ma iisho (Songs from the play by this name), 1966-08-25",1966-08-25,1966.0,612.78,mp3,24512404,B,62.0,https://nrs.lib.harvard.edu/urn-3:fhcl.loeb:33944736,cdf5b1ff71f5486656f3cafd98f9506c9857588d,
track_0246,track_0246_Side_A_Track_1_Dhool_Bari.mp3,/Users/khalidibrahim/Downloads/01_raw_mp3,Dhool Bari,Maxamed Axmed Kuluc and others (Mohamed Ahmed Kulu and others),,,378.12,mp3,15126087,A,63.0,https://nrs.lib.harvard.edu/urn-3:fhcl.loeb:33907394,12348a427517a17396c0586611e0c55c24ef3e9b,
track_0247,track_0247_Side_A_Track_2_Hayga_Goosan_1968-07-04.mp3,/Users/khalidibrahim/Downloads/01_raw_mp3,"Hayga Goosan, 1968-07-04",Maxamed Axmed Kuluc and others (Mohamed Ahmed Kulu and others),1968-07-04,1968.0,476.63,mp3,19066396,A,63.0,https://nrs.lib.harvard.edu/urn-3:fhcl.loeb:33907392,77152548f60ac463bbb47312e18824b5b60814bc,
track_0248,track_0248_Side_A_Track_3_Diiggaa_Habeenkii.mp3,/Users/khalidibrahim/Downloads/01_raw_mp3,Diiggaa Habeenkii,Maxamed Axmed Kuluc and others (Mohamed Ahmed Kulu and others),,,535.61,mp3,21425772,A,63.0,https://nrs.lib.harvard.edu/urn-3:fhcl.loeb:33907410,d74153210310455500233147c4e1db0e1d836de9,
track_0249,track_0249_Side_A_Track_4_Yaxaas_1965-07-02.mp3,/Users/khalidibrahim/Downloads/01_raw_mp3,"Yaxaas, 1965-07-02",Maxamed Axmed Kuluc and others (Mohamed Ahmed Kulu and others),1965-07-02,1965.0,421.88,mp3,16876292,A,63.0,https://nrs.lib.harvard.edu/urn-3:fhcl.loeb:33907400,e83c5abf90a521dca882832eb50e89cbbc362c90,
track_0250,track_0250_Side_B_Track_1_Haweeyaay.mp3,/Users/khalidibrahim/Downloads/01_raw_mp3,Haweeyaay,Maxamed Axmed Kuluc and others (Mohamed Ahmed Kulu and others),,,410.67,mp3,16428028,B,63.0,https://nrs.lib.harvard.edu/urn-3:fhcl.loeb:33907404,69f921297192761876a323db8637eada0b3d2c21,
track_0251,track_0251_Side_B_Track_2_Jidhiidhico.mp3,/Users/khalidibrahim/Downloads/01_raw_mp3,Jidhiidhico,Maxamed Axmed Kuluc and others (Mohamed Ahmed Kulu and others),,,457.12,mp3,18285857,B,63.0,https://nrs.lib.harvard.edu/urn-3:fhcl.loeb:33907398,e0a2e054f08c0838e2cb5709f0436f589bfaf702,
track_0252,track_0252_Side_B_Track_3_Maxaa_Kula_Hagaagsan.mp3,/Users/khalidibrahim/Downloads/01_raw_mp3,Maxaa Kula Hagaagsan,Maxamed Axmed Kuluc and others (Mohamed Ahmed Kulu and others),,,505.84,mp3,20234593,B,63.0,https://nrs.lib.harvard.edu/urn-3:fhcl.loeb:33907406,5721675b0bc0aabe6f6a22c7adf183ecb9efa3a9,
track_0253,track_0253_Side_B_Track_4_Illoow_Illoow.mp3,/Users/khalidibrahim/Downloads/01_raw_mp3,Illoow Illoow,Maxamed Axmed Kuluc and others (Mohamed Ahmed Kulu and others),,,466.44,mp3,18658888,B,63.0,https://nrs.lib.harvard.edu/urn-3:fhcl.loeb:33907408,9a2e30f798688888feb8f082ae3521d755b423b5,
track_0255,track_0255_Side_A_Track_1_Naftu_lama_diido.mp3,/Users/khalidibrahim/Downloads/01_raw_mp3,Naftu lama diido,"Samatar, Shamso and Qays",,,581.93,mp3,23278377,A,64.0,https://nrs.lib.harvard.edu/urn-3:fhcl.loeb:33944591,82e6701f816bfbb2de5a25b7fd6604629db168a8,
track_0256,track_0256_Side_A_Track_2_Maad_garan_si_ladho.mp3,/Users/khalidibrahim/Downloads/01_raw_mp3,Maad garan si ladho,"Samatar, Shamso and Qays",,,493.35,mp3,19735131,A,64.0,https://nrs.lib.harvard.edu/urn-3:fhcl.loeb:33944603,30e59a24d246fb547343895cd28bf152b5359e44,
track_0257,track_0257_Side_A_Track_3_Dhagaxyahow.mp3,/Users/khalidibrahim/Downloads/01_raw_mp3,Dhagaxyahow,"Samatar, Shamso and Qays",,,789.71,mp3,31589497,A,64.0,https://nrs.lib.harvard.edu/urn-3:fhcl.loeb:33944597,a8d913c4c80631ac271c1ce51f3a3d55b7a9d95d,
track_0258,track_0258_Side_B_Track_1_Jacayl_Gaaxsannaa.mp3,/Users/khalidibrahim/Downloads/01_raw_mp3,Jacayl Gaaxsannaa,"Samatar, Shamso and Qays",,,602.64,mp3,24106983,B,64.0,https://nrs.lib.harvard.edu/urn-3:fhcl.loeb:33944595,d4bfadc466a057f698d7197364324bd769fd960c,
track_0259,track_0259_Side_B_Track_2_Waxaan_Gaaxsanaadoo.mp3,/Users/khalidibrahim/Downloads/01_raw_mp3,Waxaan Gaaxsanaadoo,"Samatar, Shamso and Qays",,,638.3,mp3,25533272,B,64.0,https://nrs.lib.harvard.edu/urn-3:fhcl.loeb:33944593,00ddeb0553a2b1955a182cc95fbc664a0ae1eb3f,
track_0260,track_0260_Side_B_Track_3_Tawaawac.mp3,/Users/khalidibrahim/Downloads/01_raw_mp3,Tawaawac,"Samatar, Shamso and Qays",,,516.1,mp3,20645237,B,64.0,https://nrs.lib.harvard.edu/urn-3:fhcl.loeb:33944607,5ed98a7647574191c380e7b8ee445af1d3452930,
track_0262,track_0262_Side_A_Track_1_Jaalallay.mp3,/Users/khalidibrahim/Downloads/01_raw_mp3,Jaalallay,Xuud baa liqay jacaylkii (Songs from the play by this name),,,736.1,mp3,29445368,A,65.0,https://nrs.lib.harvard.edu/urn-3:fhcl.loeb:33956849,19d6c5a45670c893847564f486b7354b3f6aae55,
track_0263,track_0263_Side_A_Track_2_Ballanku_waa_kii_runta.mp3,/Users/khalidibrahim/Downloads/01_raw_mp3,Ballanku waa kii runta,Xuud baa liqay jacaylkii (Songs from the play by this name),,,797.78,mp3,31912371,A,65.0,https://nrs.lib.harvard.edu/urn-3:fhcl.loeb:33956841,354cb04991ff9e34fae8a2d6931a5d61f0934925,
track_0264,track_0264_Side_A_Track_3_Ima_Ogiddee_waxaan_ahay.mp3,/Users/khalidibrahim/Downloads/01_raw_mp3,Ima Ogiddee waxaan ahay,Xuud baa liqay jacaylkii (Songs from the play by this name),,,363.1,mp3,14525270,A,65.0,https://nrs.lib.harvard.edu/urn-3:fhcl.loeb:33956839,d760d41332bbd38e91af57e471a0e7b11103c5d4,
track_0265,track_0265_Side_B_Track_1_Sheekhaagu_waa_kuma.mp3,/Users/khalidibrahim/Downloads/01_raw_mp3,Sheekhaagu waa kuma,Xuud baa liqay jacaylkii (Songs from the play by this name),,,461.19,mp3,18448859,B,65.0,https://nrs.lib.harvard.edu/urn-3:fhcl.loeb:33956843,3964cee3580285ae4413ea7f1ca351e4cb361e33,
track_0266,track_0266_Side_B_Track_2_Beeni_Raad_Ma_Leh.mp3,/Users/khalidibrahim/Downloads/01_raw_mp3,Beeni Raad Ma Leh,Xuud baa liqay jacaylkii (Songs from the play by this name),,,245.16,mp3,9807556,B,65.0,https://nrs.lib.harvard.edu/urn-3:fhcl.loeb:33956847,d6ecbe8da2ad2eaf5e78e433aa350daf7df6b4b5,
track_0267,track_0267_Side_B_Track_3_Ma_anaa.mp3,/Users/khalidibrahim/Downloads/01_raw_mp3,Ma anaa,Xuud baa liqay jacaylkii (Songs from the play by this name),,,1146.2,mp3,45849224,B,65.0,https://nrs.lib.harvard.edu/urn-3:fhcl.loeb:33956837,6ea3fb26e7e0ebef6abe741563d302d9a405efcd,
track_0290,track_0290_Faysal_Samatar_and_Mohamed_Sulaiman.mp3,/Users/khalidibrahim/Downloads/01_raw_mp3,"Faysal, Samatar, and Mohamed Sulaiman","Faysal, Samatar, and Mohamed Sulaiman",,,1903.52,mp3,76141857,,68.0,https://nrs.lib.harvard.edu/urn-3:fhcl.loeb:33962362,e6180dc4240a9f4e1a1c452f341ea83a96b5dae8,
track_0298,track_0298_Qalinle_Sado_Ali_and_Marwo_Mohamed.mp3,/Users/khalidibrahim/Downloads/01_raw_mp3,"Qalinle, Sado Ali, and Marwo Mohamed","Qalinle, Sado Ali, and Marwo Mohamed",,,1849.73,mp3,73990412,,69.0,https://nrs.lib.harvard.edu/urn-3:fhcl.loeb:42355406,07ed2ef093d73b3ea53dd6a5bde9c5a3e723307f,
track_0299,track_0299_Side_A_Track_1_Cunnaabi.mp3,/Users/khalidibrahim/Downloads/01_raw_mp3,Cunnaabi,"Qalinle, Sado Ali, and Marwo Mohamed",,,426.21,mp3,17049739,A,69.0,https://nrs.lib.harvard.edu/urn-3:fhcl.loeb:42355417,b2ccf1ba6e1d024434e12bf3c503aaca4d16e384,
track_0300,track_0300_Side_A_Track_2_Tolow_yaa_nakala_guri_1973-02-01.mp3,/Users/khalidibrahim/Downloads/01_raw_mp3,"Tolow yaa nakala guri, 1973-02-01","Qalinle, Sado Ali, and Marwo Mohamed",1973-02-01,1973.0,464.04,mp3,18562757,A,69.0,https://nrs.lib.harvard.edu/urn-3:fhcl.loeb:42355411,4e0767475fd6c0640418aceea6ba8f5f12738a07,
track_0301,track_0301_Side_A_Track_3_Dhidibsaan_ku_leeyahay_1976-06-30.mp3,/Users/khalidibrahim/Downloads/01_raw_mp3,"Dhidibsaan ku leeyahay, 1976-06-30","Qalinle, Sado Ali, and Marwo Mohamed",1976-06-30,1976.0,426.45,mp3,17059147,A,69.0,https://nrs.lib.harvard.edu/urn-3:fhcl.loeb:42355423,46120c010efaa6720f5483bd76f83c3e149fe89d,
track_0302,track_0302_Side_A_Track_4_Samsamay_incomplete_1974-05-12.mp3,/Users/khalidibrahim/Downloads/01_raw_mp3,"Samsamay [incomplete], 1974-05-12","Qalinle, Sado Ali, and Marwo Mohamed",1974-05-12,1974.0,243.72,mp3,9750085,A,69.0,https://nrs.lib.harvard.edu/urn-3:fhcl.loeb:42355413,46e2723792d6ea708f2e459a91c80f5117ea4401,
track_0303,track_0303_Side_B_Track_1_Jidhiidhico_1975-05-24.mp3,/Users/khalidibrahim/Downloads/01_raw_mp3,"Jidhiidhico, 1975-05-24","Qalinle, Sado Ali, and Marwo Mohamed",1975-05-24,1975.0,594.31,mp3,23773660,B,69.0,https://nrs.lib.harvard.edu/urn-3:fhcl.loeb:42355409,6946f0ae1ec2061f9a25807f6874499714593998,
track_0304,track_0304_Side_B_Track_2_Ma_iska_daba_maqiiqaa_1969-06-15.mp3,/Users/khalidibrahim/Downloads/01_raw_mp3,"Ma iska daba maqiiqaa, 1969-06-15","Qalinle, Sado Ali, and Marwo Mohamed",1969-06-15,1969.0,526.97,mp3,21079913,B,69.0,https://nrs.lib.harvard.edu/urn-3:fhcl.loeb:42355421,d7bb62adea6bfe21668226b6ec2521ebe221aba7,
track_0305,track_0305_Side_B_Track_3_Dardaaran_1974-03-12.mp3,/Users/khalidibrahim/Downloads/01_raw_mp3,"Dardaaran, 1974-03-12","Qalinle, Sado Ali, and Marwo Mohamed",1974-03-12,1974.0,748.67,mp3,29947964,B,69.0,https://nrs.lib.harvard.edu/urn-3:fhcl.loeb:42355429,8f8b9b36534a84df86f3d1baa37f48838330641c,
track_0306,track_0306_Axmadey_Abubakr_Ahmedey_Abubakr.mp3,/Users/khalidibrahim/Downloads/01_raw_mp3,Axmadey Abubakr (Ahmedey Abubakr),Axmadey Abubakr (Ahmedey Abubakr),,,1867.6,mp3,74705119,,70.0,https://nrs.lib.harvard.edu/urn-3:fhcl.loeb:42355435,bdb0e700d8ce355685a209e4a4432a3c6d3c42f2,
track_0307,track_0307_Side_A_Track_1_Luul_iyo_Layla.mp3,/Users/khalidibrahim/Downloads/01_raw_mp3,Luul iyo Layla,Axmadey Abubakr (Ahmedey Abubakr),,,591.88,mp3,23676484,A,70.0,https://nrs.lib.harvard.edu/urn-3:fhcl.loeb:42355448,01f448d5c3adf412bcd83a0ee003ce26b50dd451,
track_0308,track_0308_Side_A_Track_2_Hooyo.mp3,/Users/khalidibrahim/Downloads/01_raw_mp3,Hooyo,Axmadey Abubakr (Ahmedey Abubakr),,,598.31,mp3,23933533,A,70.0,https://nrs.lib.harvard.edu/urn-3:fhcl.loeb:42355456,30665907b173003460449a380d7ba4f19b528c21,
track_0309,track_0309_Side_A_Track_3_Calaacal.mp3,/Users/khalidibrahim/Downloads/01_raw_mp3,Calaacal,Axmadey Abubakr (Ahmedey Abubakr),,,573.96,mp3,22959687,A,70.0,https://nrs.lib.harvard.edu/urn-3:fhcl.loeb:42355452,b6fbf3533a9c8bcb46d1c29bba9ae856bb239f39,
track_0311,track_0311_Side_B_Track_1_Qaahira.mp3,/Users/khalidibrahim/Downloads/01_raw_mp3,Qaahira,Axmadey Abubakr (Ahmedey Abubakr),,,409.68,mp3,16388321,B,70.0,https://nrs.lib.harvard.edu/urn-3:fhcl.loeb:42355444,0154c7a97654c592dc2c50679a29eba9b58c5744,
track_0312,track_0312_Side_B_Track_2_Wallee_aniyo_caashaqu.mp3,/Users/khalidibrahim/Downloads/01_raw_mp3,Wallee aniyo caashaqu,Axmadey Abubakr (Ahmedey Abubakr),,,345.63,mp3,13826234,B,70.0,https://nrs.lib.harvard.edu/urn-3:fhcl.loeb:42355440,52ab7750f7a9e8f2b02997bd8901a80238e861f4,
track_0313,track_0313_Side_B_Track_3_Halloow.mp3,/Users/khalidibrahim/Downloads/01_raw_mp3,Halloow,Axmadey Abubakr (Ahmedey Abubakr),,,226.48,mp3,9060455,B,70.0,https://nrs.lib.harvard.edu/urn-3:fhcl.loeb:42355438,ab3379954c0d8d96126ba363846a7b0de15844cc,
track_0314,track_0314_Side_B_Track_4_Raalliyaa_ahayd.mp3,/Users/khalidibrahim/Downloads/01_raw_mp3,Raalliyaa ahayd,Axmadey Abubakr (Ahmedey Abubakr),,,380.19,mp3,15208632,B,70.0,https://nrs.lib.harvard.edu/urn-3:fhcl.loeb:42355450,d4025a1d4dbea26b81d85e7a12cd2e0a46beb261,
track_0315,track_0315_Qalinle_Xarago_Kinsi_and_others.mp3,/Users/khalidibrahim/Downloads/01_raw_mp3,"Qalinle, Xarago, Kinsi, and others","Qalinle, Xarago, Kinsi",,,1895.37,mp3,75815851,,71.0,https://nrs.lib.harvard.edu/urn-3:fhcl.loeb:42364481,be1e98de3b3358f3e5b3f77c041051a34fef1536,
track_0316,track_0316_Side_A_Track_1_I_soo_lali.mp3,/Users/khalidibrahim/Downloads/01_raw_mp3,I soo lali,"Qalinle, Xarago, Kinsi",,,581.9,mp3,23277335,A,71.0,https://nrs.lib.harvard.edu/urn-3:fhcl.loeb:33944591,6d127327057898a42f5eb4bfa59cac72c2400aa9,
track_0317,track_0317_Side_A_Track_2_Murtida_Hadalka.mp3,/Users/khalidibrahim/Downloads/01_raw_mp3,Murtida Hadalka,"Qalinle, Xarago, Kinsi",,,401.92,mp3,16077988,A,71.0,https://nrs.lib.harvard.edu/urn-3:fhcl.loeb:42364504,4e0adf043e549e7e35ad26faf93cd545e58440f4,
track_0318,track_0318_Side_A_Track_3_Goormaynu_darisnaa.mp3,/Users/khalidibrahim/Downloads/01_raw_mp3,Goormaynu darisnaa,"Qalinle, Xarago, Kinsi",,,587.26,mp3,23491539,A,71.0,https://nrs.lib.harvard.edu/urn-3:fhcl.loeb:42364502,009e686914f5d39966b2ab4a6e4e6a78d80d0512,
track_0319,track_0319_Side_A_Track_4_Kani_waa_hannadkii.mp3,/Users/khalidibrahim/Downloads/01_raw_mp3,Kani waa hannadkii,"Qalinle, Xarago, Kinsi",,,529.63,mp3,21186492,A,71.0,https://nrs.lib.harvard.edu/urn-3:fhcl.loeb:42364498,f894e0a3a9371b80617b29973fef0437943fd944,
track_0320,track_0320_Side_B_Track_1_Niyadda_beenta_ah.mp3,/Users/khalidibrahim/Downloads/01_raw_mp3,Niyadda beenta ah,"Qalinle, Xarago, Kinsi",,,529.58,mp3,21184403,B,71.0,https://nrs.lib.harvard.edu/urn-3:fhcl.loeb:42364498,a7dbd0b784ac36a47ca9378efe69d0c267fd2e73,
track_0321,track_0321_Side_B_Track_2_Hoobaalla_Hoobaallayow_or_Hayee_hayee_halbowlahaygow.mp3,/Users/khalidibrahim/Downloads/01_raw_mp3,Hoobaalla Hoobaallayow or Hayee hayee halbowlahaygow,"Qalinle, Xarago, Kinsi",,,346.33,mp3,13854444,B,71.0,https://nrs.lib.harvard.edu/urn-3:fhcl.loeb:42364484,6b14bad8eb89c3259afd848cd65ad72676b44585,
track_0322,track_0322_Side_B_Track_3_Adigaa_Qalbiga_Baray.mp3,/Users/khalidibrahim/Downloads/01_raw_mp3,Adigaa Qalbiga Baray,"Qalinle, Xarago, Kinsi",,,656.88,mp3,26276192,B,71.0,https://nrs.lib.harvard.edu/urn-3:fhcl.loeb:42364500,75900feb0bedb7b438e0eedaeb12b6a28c07ee06,
track_0323,track_0323_Side_B_Track_4_Anaa_xeedhadii_furfuray.mp3,/Users/khalidibrahim/Downloads/01_raw_mp3,Anaa xeedhadii furfuray,"Qalinle, Xarago, Kinsi",,,437.5,mp3,17501139,B,71.0,https://nrs.lib.harvard.edu/urn-3:fhcl.loeb:42364494,f37f898156fdbb14900102c20a401c747e396338,
track_0324,track_0324_Nabi_Ammaan_Songs_Praising_the_Prophet.mp3,/Users/khalidibrahim/Downloads/01_raw_mp3,Nabi Ammaan [Songs Praising the Prophet],Nabi Ammaan [Songs Praising the Prophet],,,1880.24,mp3,75210853,,72.0,https://nrs.lib.harvard.edu/urn-3:fhcl.loeb:42364506,331c474d093e7c2881a3ea19b90b99147ff6954d,
track_0325,track_0325_Side_A_Track_1_Udgoonow_Rasuulkow.mp3,/Users/khalidibrahim/Downloads/01_raw_mp3,Udgoonow Rasuulkow,Nabi Ammaan [Songs Praising the Prophet],,,485.9,mp3,19437331,A,72.0,https://nrs.lib.harvard.edu/urn-3:fhcl.loeb:42364511,a0bc6d6eeef7e0baba4a803ad4314dedbc0d4a7c,
track_0326,track_0326_Side_A_Track_2_Dayaxii_reer_Maka.mp3,/Users/khalidibrahim/Downloads/01_raw_mp3,Dayaxii reer Maka,Nabi Ammaan [Songs Praising the Prophet],,,401.4,mp3,16057090,A,72.0,https://nrs.lib.harvard.edu/urn-3:fhcl.loeb:42364517,d72f8d234c252953542a8aeba57f4bd41a33bd1f,
track_0327,track_0327_Side_A_Track_3_Illaahay_baa_mahad_leh.mp3,/Users/khalidibrahim/Downloads/01_raw_mp3,Illaahay baa mahad leh,Nabi Ammaan [Songs Praising the Prophet],,,591.83,mp3,23674397,A,72.0,https://nrs.lib.harvard.edu/urn-3:fhcl.loeb:42364527,a81873c6274bb964450197affcb1e1f5f71ee483,
track_0328,track_0328_Side_A_Track_4_Salaam_caleyk_ya_Nabi_first_half.mp3,/Users/khalidibrahim/Downloads/01_raw_mp3,Salaam caleyk ya Nabi [first half],Nabi Ammaan [Songs Praising the Prophet],,,399.52,mp3,15981858,A,72.0,https://nrs.lib.harvard.edu/urn-3:fhcl.loeb:42364513,8987d5560362079b03cd9d344d123fd8016e20a8,
track_0330,track_0330_Side_B_Track_2_Dunida_kii_loo_Abuurow.mp3,/Users/khalidibrahim/Downloads/01_raw_mp3,Dunida kii loo Abuurow,Nabi Ammaan [Songs Praising the Prophet],,,458.71,mp3,18349597,B,72.0,https://nrs.lib.harvard.edu/urn-3:fhcl.loeb:42364519,6741c68a1786822e0700cd923ee785d1f12a1000,
track_0331,track_0331_Side_B_Track_3_Muxubbo_Gooni_ah_ugu_mashxaradaa.mp3,/Users/khalidibrahim/Downloads/01_raw_mp3,Muxubbo Gooni ah ugu mashxaradaa,Nabi Ammaan [Songs Praising the Prophet],,,519.26,mp3,20771669,B,72.0,https://nrs.lib.harvard.edu/urn-3:fhcl.loeb:42364529,56146ebe7d869e9d9c9efbf443bd6e7b710a0a06,
track_0332,track_0332_Side_B_Track_4_Rabbi_salli_cala_l_xabiib.mp3,/Users/khalidibrahim/Downloads/01_raw_mp3,Rabbi salli cala 'l xabiib,Nabi Ammaan [Songs Praising the Prophet],,,473.6,mp3,18945191,B,72.0,https://nrs.lib.harvard.edu/urn-3:fhcl.loeb:42364531,1a141d7b7bbbbec0e9fc1b28cb0fc674387289b1,
track_0334,track_0334_Different_Singers.mp3,/Users/khalidibrahim/Downloads/01_raw_mp3,Different Singers,Different Singers,,,1824.37,mp3,72975815,,73.0,https://nrs.lib.harvard.edu/urn-3:fhcl.loeb:42364533,40c8e958da472356d4b0f303431aa5bda397de01,
track_0338,track_0338_Side_A_Track_4_Dan_laaanta_dhaaxa.mp3,/Users/khalidibrahim/Downloads/01_raw_mp3,Side A: Track 4: Dan la'aanta dhaaxa,Side A: Track 4: Dan la'aanta dhaaxa,,,271.7,mp3,10869172,A,77.0,https://nrs.lib.harvard.edu/urn-3:fhcl.loeb:42364602,7d094dc50b546f60dd12582b7f9b8095dd40a518,
track_0340,track_0340_Side_B_Track_1_Suleekha.mp3,/Users/khalidibrahim/Downloads/01_raw_mp3,Side B: Track 1: Suleekha,Side B: Track 1: Suleekha,,,589.9,mp3,23597073,B,79.0,https://nrs.lib.harvard.edu/urn-3:fhcl.loeb:42364554,8140198237b2fe9fe8efbd25a9cd007319844ad9,
track_0344,track_0344_Axmed_Cali_Cigaal_and_Magool_Ahmed_Ali_Egal_and_Magool.mp3,/Users/khalidibrahim/Downloads/01_raw_mp3,Axmed Cali Cigaal and Magool (Ahmed Ali Egal and Magool),Axmed Cali Cigaal and Magool (Ahmed Ali Egal and Magool),,,1768.96,mp3,70759584,,83.0,https://nrs.lib.harvard.edu/urn-3:fhcl.loeb:33892611,12d5880a750f504e18b331a832479a473e76771f,
track_0357,track_0357_Side_B_Track_3_Ceel_laygu_ciillay.mp3,/Users/khalidibrahim/Downloads/01_raw_mp3,Ceel laygu ciillay,Maxamed Suleebaan (Mohamed Suleiman),,,476.32,mp3,19053858,B,84.0,https://nrs.lib.harvard.edu/URN-3:FHCL.LOEB:100376461,58e9bc22b49dd5f6e1927a8b5d4bd3d3094b16d9,
track_0358,track_0358_Heesaha_Calanka_Songs_for_the_Flag_of_Independence.mp3,/Users/khalidibrahim/Downloads/01_raw_mp3,Heesaha Calanka (Songs for the Flag of Independence),Heesaha Calanka (Songs for the Flag of Independence),,,2798.32,mp3,111933789,,85.0,https://nrs.lib.harvard.edu/urn-3:fhcl.loeb:42382728,33d482f0cdb8d7e6b080b9c06f8db6c13548b4ac,
track_0360,track_0360_Side_A_Track_2_Goormaan_ladnaannay_1966-06-26.mp3,/Users/khalidibrahim/Downloads/01_raw_mp3,"Goormaan ladnaannay, 1966-06-26",Heesaha Calanka (Songs for the Flag of Independence),1966-06-26,1966.0,374.33,mp3,14974574,A,85.0,https://nrs.lib.harvard.edu/urn-3:fhcl.loeb:42382757,d63ca56bfdf4d8391dbf1aabfae29490d65a3bb4,
track_0361,track_0361_Side_B_Track_5_Soomaaliyeey_soconnoo_1967-06-20.mp3,/Users/khalidibrahim/Downloads/01_raw_mp3,"Soomaaliyeey soconnoo, 1967-06-20",Heesaha Calanka (Songs for the Flag of Independence),1967-06-20,1967.0,759.88,mp3,30396226,B,85.0,https://nrs.lib.harvard.edu/urn-3:fhcl.loeb:42382749,8ef007ebeeb2aed5c3ff2028785061c455d7d764,
track_0367,track_0367_Side_B_Track_1_Na_bal_kaalay_oo_bal_kaalay_1964-04-29.mp3,/Users/khalidibrahim/Downloads/01_raw_mp3,"Na bal kaalay oo bal kaalay, 1964-04-29",Side B. Track [6?]: Bal u fiiro yeesha,1964-04-29,1964.0,575.37,mp3,23016112,B,86.0,https://nrs.lib.harvard.edu/urn-3:fhcl.loeb:42382747,38e00e2e1f8483f332cfe9fb39c890f170e9cd19,
track_0371,track_0371_Cumar_Dhuule_Omar_Dule.mp3,/Users/khalidibrahim/Downloads/01_raw_mp3,Cumar Dhuule (Omar Dule),Cumar Dhuule (Omar Dule),,,2798.76,mp3,111951553,,87.0,https://nrs.lib.harvard.edu/urn-3:fhcl.loeb:42382698,9805c54d9e0736fcc097de0b5379b6fa849710e6,
track_0391,track_0391_Cumar_Nuur_Cabdulle_Omar_Nur_Abdalla.mp3,/Users/khalidibrahim/Downloads/01_raw_mp3,Cumar Nuur Cabdulle (Omar Nur Abdalla),Cumar Nuur Cabdulle (Omar Nur Abdalla),,,1869.53,mp3,74782443,,89.0,https://nrs.lib.harvard.edu/urn-3:fhcl.loeb:42401975,6fdb3432854e851613c46c6f83e8863c94750af7,
track_0397,track_0397_Aqoon_and_Afgarad.mp3,/Users/khalidibrahim/Downloads/01_raw_mp3,Aqoon and Afgarad,Aqoon and Afgarad,,,1696.52,mp3,67862086,,90.0,https://nrs.lib.harvard.edu/urn-3:fhcl.loeb:42401218,19c7e638e995c9754d943aad257b216bfb96c85a,
somali_test_001,somali_test_001.mp3,/Users/khalidibrahim/Downloads/01_raw_mp3 2,,,,,1796.55,mp3,71863001,,,,2b6216043b131f05be857c7c13403d52f304c7dd,needs_review:unrecognized_filename
track_0001,track_0001_Sahro_Axmed_Sahra_Ahmed_and_others.mp3,/Users/khalidibrahim/Downloads/01_raw_mp3 2,Sahro Axmed (Sahra Ahmed) and others,Sahro Axmed (Sahra Ahmed),,,1784.58,mp3,71384436,,1.0,https://nrs.lib.harvard.edu/urn-3:fhcl.loeb:33901476,88db7fad1bb120471afddddf2db1ad41a58e2db9,
track_0002,track_0002_Side_A_Track_1_Wisiisi_Longing.mp3,/Users/khalidibrahim/Downloads/01_raw_mp3 2,Wisiisi (Longing),Sahro Axmed (Sahra Ahmed),,,879.93,mp3,35198579,A,1.0,https://nrs.lib.harvard.edu/urn-3:fhcl.loeb:33901491,c86c40b37f1fc1a3844329aced465b88e68b560c,
track_0003,track_0003_Side_A_Track_2_Carro-edeg.mp3,/Users/khalidibrahim/Downloads/01_raw_mp3 2,Carro-edeg,Sahro Axmed (Sahra Ahmed),,,471.8,mp3,18873090,A,1.0,https://nrs.lib.harvard.edu/urn-3:fhcl.loeb:33901479,0cfc15b05c84b301d9e2aeb34fc70ffd1b2eb08f,
track_0004,track_0004_Side_A_Track_3_Guyaal_Caashaqii.mp3,/Users/khalidibrahim/Downloads/01_raw_mp3 2,Guyaal Caashaqii,Sahro Axmed (Sahra Ahmed),,,430.05,mp3,17203343,A,1.0,https://nrs.lib.harvard.edu/urn-3:fhcl.loeb:33901489,42d056b75fa4d9985a448461f61e2ad3332d9fda,
track_0005,track_0005_Side_B_Track_1_Balanbaallis.mp3,/Users/khalidibrahim/Downloads/01_raw_mp3 2,Balanbaallis,Sahro Axmed (Sahra Ahmed),,,410.91,mp3,16437432,B,1.0,https://nrs.lib.harvard.edu/urn-3:fhcl.loeb:33901485,305befeae2c0be271f25134db8125b3b4f8c9587,
track_0006,track_0006_Side_B_Track_2_Bal_Aan_Saadsho.mp3,/Users/khalidibrahim/Downloads/01_raw_mp3 2,Bal Aan Saadsho,Sahro Axmed (Sahra Ahmed),,,813.95,mp3,32559159,B,1.0,https://nrs.lib.harvard.edu/urn-3:fhcl.loeb:33901495,b4f9d9b3d8b87a89dc19a01c848fca3e03aa6b50,
track_0007,track_0007_Side_B_Track_3_Dhinbilo_Qudhac.mp3,/Users/khalidibrahim/Downloads/01_raw_mp3 2,Dhinbilo Qudhac,Sahro Axmed (Sahra Ahmed),,,65.57,mp3,2623882,B,1.0,https://nrs.lib.harvard.edu/urn-3:fhcl.loeb:33901493,5f0245986363817c354cd5e0a78f774af7015897,
track_0008,track_0008_Side_B_Track_4_Rifdoor_Rêve_dOr.mp3,/Users/khalidibrahim/Downloads/01_raw_mp3 2,Rifdoor (Rêve d'Or),Sahro Axmed (Sahra Ahmed),,,238.84,mp3,9554690,B,1.0,https://nrs.lib.harvard.edu/urn-3:fhcl.loeb:33901487,9204fdd72f37aad0551c780be162641cfc3154a2,
track_0009,track_0009_Songs_of_the_Play_Ninkeeda_ku_amaahday.mp3,/Users/khalidibrahim/Downloads/01_raw_mp3 2,Songs of the Play: Ninkeeda ku amaahday,Songs of the Play: Ninkeeda ku amaahday,,,1910.23,mp3,76410390,,2.0,https://nrs.lib.harvard.edu/urn-3:fhcl.loeb:33897954,18ffe5b582bffc0655cb2ca8592a338dbc0e7a57,
track_0010,track_0010_Side_A_Track_1_Ammaan_aan_la_koobcin.mp3,/Users/khalidibrahim/Downloads/01_raw_mp3 2,Ammaan aan la koobcin,Songs of the Play: Ninkeeda ku amaahday,,,353.15,mp3,14127161,A,2.0,https://nrs.lib.harvard.edu/urn-3:fhcl.loeb:33897973,607c122d6ca7c43695b7f6b068d3123e00946d6d,
track_0011,track_0011_Side_A_Track_2_Waa_Cawro_Something_of_which_to_be_ashamed.mp3,/Users/khalidibrahim/Downloads/01_raw_mp3 2,Waa Cawro (Something of which to be ashamed),Songs of the Play: Ninkeeda ku amaahday,,,269.71,mp3,10789759,A,2.0,https://nrs.lib.harvard.edu/urn-3:fhcl.loeb:33897967,eefd50d1472822675630224a7c47b8e521574b51,
track_0012,track_0012_Side_A_Track_3_Jacaylkaygu_Waa_Tiro.mp3,/Users/khalidibrahim/Downloads/01_raw_mp3 2,Jacaylkaygu Waa Tiro,Songs of the Play: Ninkeeda ku amaahday,,,363.02,mp3,14522135,A,2.0,https://nrs.lib.harvard.edu/urn-3:fhcl.loeb:33897961,b97974dba80ffe09d1458041728191927c5a85b2,
track_0013,track_0013_Side_A_Track_4_Gari_ma_ku_gashaa.mp3,/Users/khalidibrahim/Downloads/01_raw_mp3 2,Gari ma ku gashaa,Songs of the Play: Ninkeeda ku amaahday,,,624.95,mp3,24999325,A,2.0,https://nrs.lib.harvard.edu/urn-3:fhcl.loeb:33897969,e74165062b393a7dfb5b80f745931da5e56466a9,
track_0016,track_0016_Side_B_Track_3_Hadhuub_caano_ah.mp3,/Users/khalidibrahim/Downloads/01_raw_mp3 2,Hadhuub caano ah,Songs of the Play: Ninkeeda ku amaahday,,,516.7,mp3,20669269,B,2.0,https://nrs.lib.harvard.edu/urn-3:fhcl.loeb:33897971,93214b1fa8b3b398a736f6ed773db600211c3ecc,
track_0017,track_0017_Side_B_Track_4_Soo_Hor_Caashaqa_1974.mp3,/Users/khalidibrahim/Downloads/01_raw_mp3 2,"Soo Hor Caashaqa, 1974",Songs of the Play: Ninkeeda ku amaahday,1974,1974.0,555.99,mp3,22240797,B,2.0,https://nrs.lib.harvard.edu/urn-3:fhcl.loeb:33897957,3a054a4d290cdec32b8886b4d6430a7a7309a2c2,
track_0018,track_0018_Hibo_Maxamed_and_Faysal_Cumar_Mushteeg_Hibo_Mohamed_and_Faisal_Omar_Mushteeg.mp3,/Users/khalidibrahim/Downloads/01_raw_mp3 2,Hibo Maxamed and Faysal Cumar Mushteeg (Hibo Mohamed and Faisal Omar Mushteeg),Hibo Maxamed and Faysal Cumar Mushteeg (Hibo Mohamed and Faisal Omar Mushteeg),,,1875.41,mp3,75017540,,3.0,https://nrs.lib.harvard.edu/urn-3:fhcl.loeb:33898020,b4b30a0caeb38a78d0c2e39b2386873a49f2a6a3,
track_0019,track_0019_Side_A_Track_1_Sabab_Kale_Ha_Moodin_Hibo_version.mp3,/Users/khalidibrahim/Downloads/01_raw_mp3 2,Sabab Kale Ha Moodin (Hibo version),Hibo Maxamed and Faysal Cumar Mushteeg (Hibo Mohamed and Faisal Omar Mushteeg),,,520.31,mp3,20813462,A,3.0,https://nrs.lib.harvard.edu/urn-3:fhcl.loeb:33898031,4feac5da1e3583be617362f4944922fa705e21ee,
track_0021,track_0021_Side_A_Track_3_Hay_gabineh_hay_goyneh.mp3,/Users/khalidibrahim/Downloads/01_raw_mp3 2,Hay gabineh hay goyneh,Hibo Maxamed and Faysal Cumar Mushteeg (Hibo Mohamed and Faisal Omar Mushteeg),,,392.41,mp3,15697645,A,3.0,https://nrs.lib.harvard.edu/urn-3:fhcl.loeb:33898027,557f623939196b21792aba34f92e0dba15b46b0e,
track_0022,track_0022_Side_A_Track_4_Raaxeeye.mp3,/Users/khalidibrahim/Downloads/01_raw_mp3 2,Raaxeeye,Hibo Maxamed and Faysal Cumar Mushteeg (Hibo Mohamed and Faisal Omar Mushteeg),,,562.73,mp3,22510381,A,3.0,https://nrs.lib.harvard.edu/urn-3:fhcl.loeb:33898033,405380f6e347aa57311f2bd21edd996cd9d6c569,
track_0026,track_0026_Side_B_Track_4_Laalay.mp3,/Users/khalidibrahim/Downloads/01_raw_mp3 2,Laalay,Hibo Maxamed and Faysal Cumar Mushteeg (Hibo Mohamed and Faisal Omar Mushteeg),,,365.9,mp3,14637073,B,3.0,https://nrs.lib.harvard.edu/urn-3:fhcl.loeb:33898035,7985be2fadd5fbb50b93d8c4bb9086747d22baf1,
track_0028,track_0028_Benadiri_Reer_Xamar_Songs_from_the_play_Luul_iyo_Leyla.mp3,/Users/khalidibrahim/Downloads/01_raw_mp3 2,"Benadiri (Reer Xamar) Songs from the play ""Luul iyo Leyla""","Benadiri (Reer Xamar) Songs from the play ""Luul iyo Leyla""",,,1822.15,mp3,72887000,,4.0,https://nrs.lib.harvard.edu/URN-3:FHCL.LOEB:102546640,4b3e5f60c104c98a3c1f491071515a73b2d645e5,
track_0034,track_0034_Side_B_Track_4.mp3,/Users/khalidibrahim/Downloads/01_raw_mp3 2,.,"Benadiri (Reer Xamar) Songs from the play ""Luul iyo Leyla""",,,318.3,mp3,12733271,B,4.0,https://nrs.lib.harvard.edu/URN-3:FHCL.LOEB:102546660,d04930304963036fad62b170ffc5f938a7506635,
track_0036,track_0036_Heeso_Xul_ah_Qaraami_Qaraami_songs_by_different_singers.mp3,/Users/khalidibrahim/Downloads/01_raw_mp3 2,Heeso Xul ah (Qaraami): Qaraami songs by different singers,Heeso Xul ah (Qaraami): Qaraami songs by different singers,,,1858.74,mp3,74350897,,5.0,https://nrs.lib.harvard.edu/URN-3:FHCL.LOEB:102546651,f516612d9fe5cab34ebbf7cbfe986b8b5079a847,
track_0045,track_0045_Songs_by_Xasan_Aadan_Samatar_Hasan_Aden_Samatar.mp3,/Users/khalidibrahim/Downloads/01_raw_mp3 2,Songs by Xasan Aadan Samatar (Hasan Aden Samatar),Xasan Aadan Samatar (Hasan Aden Samatar),,,1850.1,mp3,74005041,,6.0,https://nrs.lib.harvard.edu/URN-3:FHCL.LOEB:102546662,dfd57d5750a38466705fdbe26caf22e71d8aea6f,
track_0156,track_0156_Songs_from_Maandeeq_Gacayte_Ismaacil_Yare_Ismail_Yare_Cabdalla_Sagsaag_Abdala_Sagsag_Faysal_Cumar_Mu.mp3,/Users/khalidibrahim/Downloads/01_raw_mp3 2,"Songs from Maandeeq, Gacayte Ismaacil Yare (Ismail Yare), Cabdalla Sagsaag (Abdala Sagsag), Faysal Cumar Mushteeg (Faisal Omar Mushtek), Axmed Cali Dararamle (Ahmed Ali Daramle)","Songs from Maandeeq, Gacayte Ismaacil Yare (Ismail Yare), Cabdalla Sagsaag (Abdala Sagsag), Faysal Cumar Mushteeg (Faisal Omar Mushtek), Axmed Cali Dararamle (Ahmed Ali Daramle)",,,1891.87,mp3,75675833,,31.0,https://nrs.harvard.edu/URN-3:FHCL.LOEB:102937213,42e06696bfa1c5e8bf7bf8ee2dbae2163e3f9d5b,
track_0157,track_0157_Songs_from_Maxamed_Suleebaan_Mohamed_Sulaiman_Sulfa_Xaliima_Milano_Halima_Milano_Khadra_Daahir_Khadr.mp3,/Users/khalidibrahim/Downloads/01_raw_mp3 2,"Songs from Maxamed Suleebaan (Mohamed Sulaiman), Sulfa, Xaliima Milano (Halima Milano), Khadra Daahir (Khadra Dahir), Saalax Qaasim (Salah Kassim), and Shammuuri","Songs from Maxamed Suleebaan (Mohamed Sulaiman), Sulfa, Xaliima Milano (Halima Milano), Khadra Daahir (Khadra Dahir), Saalax Qaasim (Salah Kassim), and Shammuuri",,,1868.93,mp3,74758411,,32.0,https://nrs.harvard.edu/URN-3:FHCL.LOEB:102937226,f8113570ad8d874ddc9b905b567b188aa4b2ac0e,
track_0158,track_0158_Songs_by_Dalays_Baxsan_Xaaji_Cali_Bahsan_Haji_Ali_Faadumo_Cabdillaahi_Maandeeq_Fadumo_Abdillahi_Maan.mp3,/Users/khalidibrahim/Downloads/01_raw_mp3 2,"Songs by Dalays, Baxsan Xaaji Cali (Bahsan Haji Ali), Faadumo Cabdillaahi Maandeeq (Fadumo Abdillahi Maandeeq)","Dalays, Baxsan Xaaji Cali (Bahsan Haji Ali), Faadumo Cabdillaahi Maandeeq (Fadumo Abdillahi Maandeeq)",,,1510.48,mp3,60420319,,33.0,https://nrs.harvard.edu/URN-3:FHCL.LOEB:102937239,38e677db28aeffca3e9f37b9f5efce68e5474f94,
track_0193,track_0193_Songs_by_Hibo_Maxamed_Huddoon_Hibo_Mohamed_Huddoon.mp3,/Users/khalidibrahim/Downloads/01_raw_mp3 2,Songs by Hibo Maxamed Huddoon (Hibo Mohamed Huddoon),Hibo Maxamed Huddoon (Hibo Mohamed Huddoon),,,1889.8,mp3,75593286,,54.0,https://nrs.harvard.edu/URN-3:FHCL.LOEB:102943507,31de7820cba2f69989f27bbec17dc716698a42fc,
