file_path,sha256,duration_s,sample_rate,channels,bit_depth,rms_dbfs,clipping_pct,provenance,license_status,title,artist,year,genre
/Users/khalidibrahim/Downloads/01_raw_mp3/track_0015_Side_B_Track_2_Nuxurka_sheekada_-_Copy_1.mp3,2afb21c285b72662b22e20768860c484f6b46cefe29b008d2680b402cc6d03c9,92.29,44100,2,,-24.54,0.0,Harvard AWM (Spec Coll 103),unknown,Nuxurka sheekada - Copy 1,Songs of the Play: Ninkeeda ku amaahday,,
/Users/khalidibrahim/Downloads/01_raw_mp3/track_0118_Side_B_Track_3.mp3,581c9e4f4cf2d0d577b0c231811a9513f1b5a809dedeb4336a70c6df708c3255,72.04,44100,2,,-16.58,0.0,Harvard AWM (Spec Coll 103),unknown,[?],Cabdi Aadan Qays (Abdi Adan Qays),,
/Users/khalidibrahim/Downloads/01_raw_mp3/track_0129_Side_B_Track_3_Caashaqu_sed_weeye.mp3,d8b0d93d62837d17d311cedf45fa3929f81d3103226d533d65edf05725370a36,229.2,44100,2,,-15.32,0.0,Harvard AWM (Spec Coll 103),unknown,Caashaqu sed weeye,Salaax Qaasim (Salah Kassim),,
/Users/khalidibrahim/Downloads/01_raw_mp3/track_0237_Side_A_Track_3_Milgo_1966-08-25.mp3,5875126f4d2cb7af801ed2911e254455e8b330b989fa1cc44563c9efdd6917aa,397.19,44100,2,,-17.55,0.0,Harvard AWM (Spec Coll 103),unknown,"Milgo, 1966-08-25","Allah aammin ma iisho (Songs from the play by this name), 1966-08-25",1966.0,
/Users/khalidibrahim/Downloads/01_raw_mp3/track_0239_Side_A_Track_5_Taliyoo_wax_may_taraysaa_1966-08-25.mp3,7cc69b1ba5a060ae979b9f81636b54ac4cc94835994a497b90dc23ac57059bd1,420.6,44100,2,,-17.13,0.0001,Harvard AWM (Spec Coll 103),unknown,"Taliyoo wax may taraysaa, 1966-08-25","Allah aammin ma iisho (Songs from the play by this name), 1966-08-25",1966.0,
/Users/khalidibrahim/Downloads/01_raw_mp3/track_0240_Side_B_Track_1_Haddaad_Wiiq_Is_Lahayd_1966-08-25.mp3,b192706c54361f64c2b5bdd056bf70f0d3991c87b97a09c9d75e5ff5f35b396b,415.84,44100,2,,-18.38,0.0,Harvard AWM (Spec Coll 103),unknown,"Haddaad Wiiq Is Lahayd, 1966-08-25","Allah aammin ma iisho (Songs from the play by this name), 1966-08-25",1966.0,
/Users/khalidibrahim/Downloads/01_raw_mp3/track_0241_Side_B_Track_2_In_la_i_talinaayo_1966-08-25.mp3,7d593fd1476cc112e2649e3978697bc301a98fa5f8afa1922beeb24bf8e65dee,342.36,44100,2,,-18.89,0.0,Harvard AWM (Spec Coll 103),unknown,"In la i talinaayo, 1966-08-25","Allah aammin ma iisho (Songs from the play by this name), 1966-08-25",1966.0,
/Users/khalidibrahim/Downloads/01_raw_mp3/track_0242_Side_B_Track_3_Geeri_Doortee_1966-08-25.mp3,48a359b9260447941803b3595c0d33638b23f5766b25849c18ac65c6d28c0cf0,217.05,44100,2,,-18.16,0.0,Harvard AWM (Spec Coll 103),unknown,"Geeri Doortee, 1966-08-25","Allah aammin ma iisho (Songs from the play by this name), 1966-08-25",1966.0,
/Users/khalidibrahim/Downloads/01_raw_mp3/track_0243_Side_B_Track_4_Alla_Aammin_1966-08-25.mp3,def94d52cd4c6309af27e8623f6440243e37d89f09285779e2c3cec891af49e3,319.95,44100,2,,-18.09,0.0,Harvard AWM (Spec Coll 103),unknown,"Alla Aammin, 1966-08-25","Allah aammin ma iisho (Songs from the play by this name), 1966-08-25",1966.0,
/Users/khalidibrahim/Downloads/01_raw_mp3/track_0244_Side_B_Track_5_Weynoow_hayna_kala_wadin_1966-08-25.mp3,c57853965630f3016fedff11e94c487e2b9742243b4fd842f09e0845c5bbd240,612.78,44100,2,,-17.0,0.0,Harvard AWM (Spec Coll 103),unknown,"Weynoow hayna kala wadin, 1966-08-25","Allah aammin ma iisho (Songs from the play by this name), 1966-08-25",1966.0,
/Users/khalidibrahim/Downloads/01_raw_mp3/track_0246_Side_A_Track_1_Dhool_Bari.mp3,88fb0db98cd9c00115d49a002b327eb05298b5876fe9b97750fc3ce89a43754c,378.12,44100,2,,-17.9,0.0,Harvard AWM (Spec Coll 103),unknown,Dhool Bari,Maxamed Axmed Kuluc and others (Mohamed Ahmed Kulu and others),,
/Users/khalidibrahim/Downloads/01_raw_mp3/track_0247_Side_A_Track_2_Hayga_Goosan_1968-07-04.mp3,0fb0aff831f84aedba42214bacacc1c54b3c379861ac08b8b9929ed26e65cc76,476.63,44100,2,,-16.52,0.0,Harvard AWM (Spec Coll 103),unknown,"Hayga Goosan, 1968-07-04",Maxamed Axmed Kuluc and others (Mohamed Ahmed Kulu and others),1968.0,
/Users/khalidibrahim/Downloads/01_raw_mp3/track_0248_Side_A_Track_3_Diiggaa_Habeenkii.mp3,a8f685b198acc7c7e469185106816814cfb3fc1450467ed8bd956c44a4230cc9,535.61,44100,2,,-17.09,0.0008,Harvard AWM (Spec Coll 103),unknown,Diiggaa Habeenkii,Maxamed Axmed Kuluc and others (Mohamed Ahmed Kulu and others),,
/Users/khalidibrahim/Downloads/01_raw_mp3/track_0249_Side_A_Track_4_Yaxaas_1965-07-02.mp3,6fc3dd98c68df4e33f00ccacd9e344d74df2d50663393bb9cfd72bd36fbb8cd2,421.88,44100,2,,-14.32,0.0,Harvard AWM (Spec Coll 103),unknown,"Yaxaas, 1965-07-02",Maxamed Axmed Kuluc and others (Mohamed Ahmed Kulu and others),1965.0,
/Users/khalidibrahim/Downloads/01_raw_mp3/track_0250_Side_B_Track_1_Haweeyaay.mp3,cc013c6819494b114fd9a4fb213683bfefebe5da1d41207d5b933812eeaa6137,410.67,44100,2,,-16.61,0.0001,Harvard AWM (Spec Coll 103),unknown,Haweeyaay,Maxamed Axmed Kuluc and others (Mohamed Ahmed Kulu and others),,
/Users/khalidibrahim/Downloads/01_raw_mp3/track_0251_Side_B_Track_2_Jidhiidhico.mp3,e30f3b5ef1531e0c804037fb320e5b4a40169059d2bb858a26ab60ce4dd64497,457.12,44100,2,,-18.58,0.0001,Harvard AWM (Spec Coll 103),unknown,Jidhiidhico,Maxamed Axmed Kuluc and others (Mohamed Ahmed Kulu and others),,
/Users/khalidibrahim/Downloads/01_raw_mp3/track_0252_Side_B_Track_3_Maxaa_Kula_Hagaagsan.mp3,ad9e500b9e85bbd817dba9a405cb6952ff46602a81d3da2a3a8eea367a760e10,505.84,44100,2,,-16.26,0.0001,Harvard AWM (Spec Coll 103),unknown,Maxaa Kula Hagaagsan,Maxamed Axmed Kuluc and others (Mohamed Ahmed Kulu and others),,
/Users/khalidibrahim/Downloads/01_raw_mp3/track_0253_Side_B_Track_4_Illoow_Illoow.mp3,9f2bf63926c7a175331e2d3180990a38dfbb8f3bb5e45e64e4206ce3f2ef80af,466.44,44100,2,,-17.31,0.0,Harvard AWM (Spec Coll 103),unknown,Illoow Illoow,Maxamed Axmed Kuluc and others (Mohamed Ahmed Kulu and others),,
/Users/khalidibrahim/Downloads/01_raw_mp3/track_0255_Side_A_Track_1_Naftu_lama_diido.mp3,5681818216cb85a3725d2f9fce24e19394c1b7eabdfe25396eecb966770cb8ba,581.93,44100,2,,-15.45,0.0,Harvard AWM (Spec Coll 103),unknown,Naftu lama diido,"Samatar, Shamso and Qays",,
/Users/khalidibrahim/Downloads/01_raw_mp3/track_0256_Side_A_Track_2_Maad_garan_si_ladho.mp3,3b080e49b7baa4a3af45c0af430e0c14fb313fe561863d6d942c22f4a374b4d3,493.35,44100,2,,-17.74,0.0,Harvard AWM (Spec Coll 103),unknown,Maad garan si ladho,"Samatar, Shamso and Qays",,
/Users/khalidibrahim/Downloads/01_raw_mp3/track_0257_Side_A_Track_3_Dhagaxyahow.mp3,612eac843bd6cd8f0157af81bad538759f34c60df50d46f2a8e7244b5a495cd8,789.71,44100,2,,-16.4,0.0,Harvard AWM (Spec Coll 103),unknown,Dhagaxyahow,"Samatar, Shamso and Qays",,
/Users/khalidibrahim/Downloads/01_raw_mp3/track_0258_Side_B_Track_1_Jacayl_Gaaxsannaa.mp3,b15b44451318f28e39e775e8821d6cb33046359c2252bef435b6b109be0e1b98,602.64,44100,2,,-16.89,0.0003,Harvard AWM (Spec Coll 103),unknown,Jacayl Gaaxsannaa,"Samatar, Shamso and Qays",,
/Users/khalidibrahim/Downloads/01_raw_mp3/track_0259_Side_B_Track_2_Waxaan_Gaaxsanaadoo.mp3,b45621ca2edeb6101d3cd8d967b460211678e0660cd71cb185566e9facb47b7a,638.3,44100,2,,-17.5,0.0003,Harvard AWM (Spec Coll 103),unknown,Waxaan Gaaxsanaadoo,"Samatar, Shamso and Qays",,
/Users/khalidibrahim/Downloads/01_raw_mp3/track_0260_Side_B_Track_3_Tawaawac.mp3,5f37fb12f2aec553c9f702c136fee8c4054ad24155fd6f2a73a8396b01e87b9e,516.1,44100,2,,-17.65,0.0,Harvard AWM (Spec Coll 103),unknown,Tawaawac,"Samatar, Shamso and Qays",,
/Users/khalidibrahim/Downloads/01_raw_mp3/track_0262_Side_A_Track_1_Jaalallay.mp3,4b4e233d8d2272eb6745dca3aae94074227f999c1fb616f668c996ebcccd1ea7,736.1,44100,2,,-18.82,0.0,Harvard AWM (Spec Coll 103),unknown,Jaalallay,Xuud baa liqay jacaylkii (Songs from the play by this name),,
/Users/khalidibrahim/Downloads/01_raw_mp3/track_0263_Side_A_Track_2_Ballanku_waa_kii_runta.mp3,e5501cc935791aa7e860d29cfd840334a534f08d3ac2ded4f0e7ab7dafb28504,797.78,44100,2,,-19.27,0.0,Harvard AWM (Spec Coll 103),unknown,Ballanku waa kii runta,Xuud baa liqay jacaylkii (Songs from the play by this name),,
/Users/khalidibrahim/Downloads/01_raw_mp3/track_0264_Side_A_Track_3_Ima_Ogiddee_waxaan_ahay.mp3,3d970fed8f731e4c4078aa356889c04f8f4306da7c7a8bbedd23c689a9496e41,363.1,44100,2,,-19.88,0.0,Harvard AWM (Spec Coll 103),unknown,Ima Ogiddee waxaan ahay,Xuud baa liqay jacaylkii (Songs from the play by this name),,
/Users/khalidibrahim/Downloads/01_raw_mp3/track_0265_Side_B_Track_1_Sheekhaagu_waa_kuma.mp3,df4d2757794513b88b7fd8207de14e3fcc8b2d918fc06f3711267b3eed53638a,461.19,44100,2,,-18.58,0.0,Harvard AWM (Spec Coll 103),unknown,Sheekhaagu waa kuma,Xuud baa liqay jacaylkii (Songs from the play by this name),,
/Users/khalidibrahim/Downloads/01_raw_mp3/track_0266_Side_B_Track_2_Beeni_Raad_Ma_Leh.mp3,f01f09f1ba270fbd7e82270acafedcf6d63234ce7245efa043cb807366edfb8b,245.16,44100,2,,-18.47,0.0003,Harvard AWM (Spec Coll 103),unknown,Beeni Raad Ma Leh,Xuud baa liqay jacaylkii (Songs from the play by this name),,
/Users/khalidibrahim/Downloads/01_raw_mp3/track_0267_Side_B_Track_3_Ma_anaa.mp3,7c66360fd0a0711070b3e57b0690a76b6b8f4bc6775c1f4b833b1a4cc1a03ba7,1146.2,44100,2,,-18.6,0.0,Harvard AWM (Spec Coll 103),unknown,Ma anaa,Xuud baa liqay jacaylkii (Songs from the play by this name),,
/Users/khalidibrahim/Downloads/01_raw_mp3/track_0290_Faysal_Samatar_and_Mohamed_Sulaiman.mp3,1300e6c1a7e2977c5da4a7947ee4b1a300dfcba46e4ff3942d97fcdbf668e2f3,1903.52,44100,2,,-17.77,0.0,Harvard AWM (Spec Coll 103),unknown,"Faysal, Samatar, and Mohamed Sulaiman","Faysal, Samatar, and Mohamed Sulaiman",,
/Users/khalidibrahim/Downloads/01_raw_mp3/track_0298_Qalinle_Sado_Ali_and_Marwo_Mohamed.mp3,54877b3af7a104b27dd647801b38ffadf03dd43ffdeeadae7cf77dd75144105c,1849.73,44100,2,,-16.7,0.0,Harvard AWM (Spec Coll 103),unknown,"Qalinle, Sado Ali, and Marwo Mohamed","Qalinle, Sado Ali, and Marwo Mohamed",,
/Users/khalidibrahim/Downloads/01_raw_mp3/track_0299_Side_A_Track_1_Cunnaabi.mp3,f2f19c3c2ce8eafd914aa8aab1c95a78897fe532a67e53b227ab058e3ac2b5c2,426.21,44100,2,,-16.15,0.0001,Harvard AWM (Spec Coll 103),unknown,Cunnaabi,"Qalinle, Sado Ali, and Marwo Mohamed",,
/Users/khalidibrahim/Downloads/01_raw_mp3/track_0300_Side_A_Track_2_Tolow_yaa_nakala_guri_1973-02-01.mp3,b23be699465e851acf0baea27b51880a8af8e64ebd0ebd6dca3ab8ea7feef3f1,464.04,44100,2,,-16.45,0.0,Harvard AWM (Spec Coll 103),unknown,"Tolow yaa nakala guri, 1973-02-01","Qalinle, Sado Ali, and Marwo Mohamed",1973.0,
/Users/khalidibrahim/Downloads/01_raw_mp3/track_0301_Side_A_Track_3_Dhidibsaan_ku_leeyahay_1976-06-30.mp3,32bb6e02da80a47ae6ce4331002ef123bfd291e007c80168d520977ac4f06d03,426.45,44100,2,,-16.11,0.0,Harvard AWM (Spec Coll 103),unknown,"Dhidibsaan ku leeyahay, 1976-06-30","Qalinle, Sado Ali, and Marwo Mohamed",1976.0,
/Users/khalidibrahim/Downloads/01_raw_mp3/track_0302_Side_A_Track_4_Samsamay_incomplete_1974-05-12.mp3,13c25bd89d65713657ce87fd4a5cd37c0d185067f31b7e20cecb4aa25b99a30a,243.72,44100,2,,-18.59,0.0,Harvard AWM (Spec Coll 103),unknown,"Samsamay [incomplete], 1974-05-12","Qalinle, Sado Ali, and Marwo Mohamed",1974.0,
/Users/khalidibrahim/Downloads/01_raw_mp3/track_0303_Side_B_Track_1_Jidhiidhico_1975-05-24.mp3,54e068454c8adb90167e3494ae223e13ec2006bea762e0e2b7f3fdebd684dd2b,594.31,44100,2,,-19.12,0.0,Harvard AWM (Spec Coll 103),unknown,"Jidhiidhico, 1975-05-24","Qalinle, Sado Ali, and Marwo Mohamed",1975.0,
/Users/khalidibrahim/Downloads/01_raw_mp3/track_0304_Side_B_Track_2_Ma_iska_daba_maqiiqaa_1969-06-15.mp3,059c275510b07774c71c603569d3c31611e9b97b47cd870b74adf7e9bfbcd7ff,526.97,44100,2,,-18.46,0.0,Harvard AWM (Spec Coll 103),unknown,"Ma iska daba maqiiqaa, 1969-06-15","Qalinle, Sado Ali, and Marwo Mohamed",1969.0,
/Users/khalidibrahim/Downloads/01_raw_mp3/track_0305_Side_B_Track_3_Dardaaran_1974-03-12.mp3,64206a17101876a59f6892decdfab284e2bd07253d20d121a54aa48dbc02305d,748.67,44100,2,,-18.84,0.0,Harvard AWM (Spec Coll 103),unknown,"Dardaaran, 1974-03-12","Qalinle, Sado Ali, and Marwo Mohamed",1974.0,
/Users/khalidibrahim/Downloads/01_raw_mp3/track_0306_Axmadey_Abubakr_Ahmedey_Abubakr.mp3,c3d32e3860e7667839ad4524210bad4f0a2fce6b82310faffce18ed459834faf,1867.6,44100,2,,-17.28,0.0,Harvard AWM (Spec Coll 103),unknown,Axmadey Abubakr (Ahmedey Abubakr),Axmadey Abubakr (Ahmedey Abubakr),,
/Users/khalidibrahim/Downloads/01_raw_mp3/track_0307_Side_A_Track_1_Luul_iyo_Layla.mp3,143392bd2798d081960fdd28f1ff142963e99314367b9dd44dc17af9b51a5e2b,591.88,44100,2,,-17.19,0.0,Harvard AWM (Spec Coll 103),unknown,Luul iyo Layla,Axmadey Abubakr (Ahmedey Abubakr),,
/Users/khalidibrahim/Downloads/01_raw_mp3/track_0308_Side_A_Track_2_Hooyo.mp3,7c7bb591e23720a6663f2cde0c1cc497e5fda647cec476ef82e240172473948f,598.31,44100,2,,-17.41,0.0,Harvard AWM (Spec Coll 103),unknown,Hooyo,Axmadey Abubakr (Ahmedey Abubakr),,
/Users/khalidibrahim/Downloads/01_raw_mp3/track_0309_Side_A_Track_3_Calaacal.mp3,93c7e73541403556476bc21509e272f5cc6ee2f43d2ae48fee979f8f38906080,573.96,44100,2,,-17.67,0.0,Harvard AWM (Spec Coll 103),unknown,Calaacal,Axmadey Abubakr (Ahmedey Abubakr),,
/Users/khalidibrahim/Downloads/01_raw_mp3/track_0311_Side_B_Track_1_Qaahira.mp3,7a3f4378c4ab27ba10b1d16623682617d632be6e08faa4270b555cb3629d5746,409.68,44100,2,,-19.23,0.0,Harvard AWM (Spec Coll 103),unknown,Qaahira,Axmadey Abubakr (Ahmedey Abubakr),,
/Users/khalidibrahim/Downloads/01_raw_mp3/track_0312_Side_B_Track_2_Wallee_aniyo_caashaqu.mp3,2dd0ebd2b5b28ace96c769f55a0e38c5e758de1e3e0273d9e1cf7ac36635baed,345.63,44100,2,,-17.09,0.0,Harvard AWM (Spec Coll 103),unknown,Wallee aniyo caashaqu,Axmadey Abubakr (Ahmedey Abubakr),,
/Users/khalidibrahim/Downloads/01_raw_mp3/track_0313_Side_B_Track_3_Halloow.mp3,378a8bc5e616c0440bc7a4800c0676fffe6920ba9ffa131d87bcad03d10bea63,226.48,44100,2,,-18.09,0.0,Harvard AWM (Spec Coll 103),unknown,Halloow,Axmadey Abubakr (Ahmedey Abubakr),,
/Users/khalidibrahim/Downloads/01_raw_mp3/track_0314_Side_B_Track_4_Raalliyaa_ahayd.mp3,565818fe121afccbb6d63b56d58e2b47780b00b586e57dec5506ec7afc5a2062,380.19,44100,2,,-16.54,0.0,Harvard AWM (Spec Coll 103),unknown,Raalliyaa ahayd,Axmadey Abubakr (Ahmedey Abubakr),,
/Users/khalidibrahim/Downloads/01_raw_mp3/track_0315_Qalinle_Xarago_Kinsi_and_others.mp3,982c52268cddc6ceea744be0e221336c724b3b3517ed2d68961436358f934b12,1895.37,44100,2,,-13.37,0.0001,Harvard AWM (Spec Coll 103),unknown,"Qalinle, Xarago, Kinsi, and others","Qalinle, Xarago, Kinsi",,
/Users/khalidibrahim/Downloads/01_raw_mp3/track_0316_Side_A_Track_1_I_soo_lali.mp3,0425743865e1b526c6caf10d571c19edde35b1eee4e48c5985a6c2b4e3352557,581.9,44100,2,,-15.45,0.0,Harvard AWM (Spec Coll 103),unknown,I soo lali,"Qalinle, Xarago, Kinsi",,
/Users/khalidibrahim/Downloads/01_raw_mp3/track_0317_Side_A_Track_2_Murtida_Hadalka.mp3,3cf694db3146d5b5e3d3aa852da655751c2003eb273e1e06a12480905c4a0da3,401.92,44100,2,,-12.92,0.0,Harvard AWM (Spec Coll 103),unknown,Murtida Hadalka,"Qalinle, Xarago, Kinsi",,
/Users/khalidibrahim/Downloads/01_raw_mp3/track_0318_Side_A_Track_3_Goormaynu_darisnaa.mp3,f4566a78517e62a8b0fbb84975f7e464d6fe1e4dc0baa62370802d82086a51c7,587.26,44100,2,,-13.43,0.0002,Harvard AWM (Spec Coll 103),unknown,Goormaynu darisnaa,"Qalinle, Xarago, Kinsi",,
/Users/khalidibrahim/Downloads/01_raw_mp3/track_0319_Side_A_Track_4_Kani_waa_hannadkii.mp3,d1adefcb5b7bc32bb3ec2c8017c5771f8167f1b6579d00b5188f87b2b04a5095,529.63,44100,2,,-14.18,0.0,Harvard AWM (Spec Coll 103),unknown,Kani waa hannadkii,"Qalinle, Xarago, Kinsi",,
/Users/khalidibrahim/Downloads/01_raw_mp3/track_0320_Side_B_Track_1_Niyadda_beenta_ah.mp3,6eaf27b693f0ade0bb39c3964138465b4983171332c31e08ecc594c70a33eb9a,529.58,44100,2,,-14.18,0.0,Harvard AWM (Spec Coll 103),unknown,Niyadda beenta ah,"Qalinle, Xarago, Kinsi",,
/Users/khalidibrahim/Downloads/01_raw_mp3/track_0321_Side_B_Track_2_Hoobaalla_Hoobaallayow_or_Hayee_hayee_halbowlahaygow.mp3,6bff3469e130367ef5537f5cd811f312a40474179e31bd5e403d0ab5ba0b7fb0,346.33,44100,2,,-16.9,0.0005,Harvard AWM (Spec Coll 103),unknown,Hoobaalla Hoobaallayow or Hayee hayee halbowlahaygow,"Qalinle, Xarago, Kinsi",,
/Users/khalidibrahim/Downloads/01_raw_mp3/track_0322_Side_B_Track_3_Adigaa_Qalbiga_Baray.mp3,2d3e75f44420cb11d769783832678f2fb250b598e191b8233e22c18c7cd5ee67,656.88,44100,2,,-18.05,0.0,Harvard AWM (Spec Coll 103),unknown,Adigaa Qalbiga Baray,"Qalinle, Xarago, Kinsi",,
/Users/khalidibrahim/Downloads/01_raw_mp3/track_0323_Side_B_Track_4_Anaa_xeedhadii_furfuray.mp3,5e39aa59c7140019b29b62d2b83c06c92686b596e76de07ffcf74f91ec1efb5a,437.5,44100,2,,-18.63,0.0,Harvard AWM (Spec Coll 103),unknown,Anaa xeedhadii furfuray,"Qalinle, Xarago, Kinsi",,
/Users/khalidibrahim/Downloads/01_raw_mp3/track_0324_Nabi_Ammaan_Songs_Praising_the_Prophet.mp3,6d135eef5b124ab861dc68698e16523bfcb6092916d5f99cde7fe96c32e817fa,1880.24,44100,2,,-20.23,0.0,Harvard AWM (Spec Coll 103),unknown,Nabi Ammaan [Songs Praising the Prophet],Nabi Ammaan [Songs Praising the Prophet],,
/Users/khalidibrahim/Downloads/01_raw_mp3/track_0325_Side_A_Track_1_Udgoonow_Rasuulkow.mp3,f59506937602b2afc2626024c5516ceede5bc5dbe5ca3efd32a8fd965de928e5,485.9,44100,2,,-20.3,0.0,Harvard AWM (Spec Coll 103),unknown,Udgoonow Rasuulkow,Nabi Ammaan [Songs Praising the Prophet],,
/Users/khalidibrahim/Downloads/01_raw_mp3/track_0326_Side_A_Track_2_Dayaxii_reer_Maka.mp3,6db8926dcf545b782ec27abb31b9deb4c341fc3c885377a5f95eb121c9298afb,401.4,44100,2,,-19.46,0.0001,Harvard AWM (Spec Coll 103),unknown,Dayaxii reer Maka,Nabi Ammaan [Songs Praising the Prophet],,
/Users/khalidibrahim/Downloads/01_raw_mp3/track_0327_Side_A_Track_3_Illaahay_baa_mahad_leh.mp3,bb2e0202f1e5de4b11f37903c9061566a3338f624f4df4545b27a41f5e0a9ca9,591.83,44100,2,,-20.77,0.0,Harvard AWM (Spec Coll 103),unknown,Illaahay baa mahad leh,Nabi Ammaan [Songs Praising the Prophet],,
/Users/khalidibrahim/Downloads/01_raw_mp3/track_0328_Side_A_Track_4_Salaam_caleyk_ya_Nabi_first_half.mp3,04131d47414dde9ba9e2b94649ec8b58f485da1fddea1f1fe65cd123ad30377b,399.52,44100,2,,-20.26,0.0,Harvard AWM (Spec Coll 103),unknown,Salaam caleyk ya Nabi [first half],Nabi Ammaan [Songs Praising the Prophet],,
/Users/khalidibrahim/Downloads/01_raw_mp3/track_0330_Side_B_Track_2_Dunida_kii_loo_Abuurow.mp3,bf13f43415e45d8f7064c39c57c929238160d7392b45f9d5d94c86a80415b77d,458.71,44100,2,,-19.47,0.0,Harvard AWM (Spec Coll 103),unknown,Dunida kii loo Abuurow,Nabi Ammaan [Songs Praising the Prophet],,
/Users/khalidibrahim/Downloads/01_raw_mp3/track_0331_Side_B_Track_3_Muxubbo_Gooni_ah_ugu_mashxaradaa.mp3,8d7466d0898a028e70e0be301088da964fefa28b84e1c8b1292f92a7d5064317,519.26,44100,2,,-17.61,0.0,Harvard AWM (Spec Coll 103),unknown,Muxubbo Gooni ah ugu mashxaradaa,Nabi Ammaan [Songs Praising the Prophet],,
/Users/khalidibrahim/Downloads/01_raw_mp3/track_0332_Side_B_Track_4_Rabbi_salli_cala_l_xabiib.mp3,7b5c9d9e19db0fbae03f780d6155ba60376c58d33639806b7ae5ad61ca8453e9,473.6,44100,2,,-19.9,0.0,Harvard AWM (Spec Coll 103),unknown,Rabbi salli cala 'l xabiib,Nabi Ammaan [Songs Praising the Prophet],,
/Users/khalidibrahim/Downloads/01_raw_mp3/track_0334_Different_Singers.mp3,6040aa902a18c7d36c3c84f4b4f1af0a172f989c612d02ae94406d5b1c9f3556,1824.37,44100,2,,-10.66,0.0009,Harvard AWM (Spec Coll 103),unknown,Different Singers,Different Singers,,
/Users/khalidibrahim/Downloads/01_raw_mp3/track_0338_Side_A_Track_4_Dan_laaanta_dhaaxa.mp3,b5952fd932f10dd8c0c6873289466e650ec9157fb2667d989540ec611b63a673,271.7,44100,2,,-10.86,0.0008,Harvard AWM (Spec Coll 103),unknown,Side A: Track 4: Dan la'aanta dhaaxa,Side A: Track 4: Dan la'aanta dhaaxa,,
/Users/khalidibrahim/Downloads/01_raw_mp3/track_0340_Side_B_Track_1_Suleekha.mp3,163732bc7251637adebbbd290cf1aac1f772ada99489ced5413ab8124f4d4e5c,589.9,44100,2,,-11.51,0.0004,Harvard AWM (Spec Coll 103),unknown,Side B: Track 1: Suleekha,Side B: Track 1: Suleekha,,
/Users/khalidibrahim/Downloads/01_raw_mp3/track_0344_Axmed_Cali_Cigaal_and_Magool_Ahmed_Ali_Egal_and_Magool.mp3,a412e5a9f57eb0d339e6d39d6606c463f50a00f235a270ea8f1257e7cae7dc0f,1768.96,44100,2,,-17.85,0.0,Harvard AWM (Spec Coll 103),unknown,Axmed Cali Cigaal and Magool (Ahmed Ali Egal and Magool),Axmed Cali Cigaal and Magool (Ahmed Ali Egal and Magool),,
/Users/khalidibrahim/Downloads/01_raw_mp3/track_0357_Side_B_Track_3_Ceel_laygu_ciillay.mp3,ab2267545ce8236b14350b1c774bde1bf78c7671865babd7717f4dd5b244d555,476.32,44100,2,,-19.29,0.0,Harvard AWM (Spec Coll 103),unknown,Ceel laygu ciillay,Maxamed Suleebaan (Mohamed Suleiman),,
/Users/khalidibrahim/Downloads/01_raw_mp3/track_0358_Heesaha_Calanka_Songs_for_the_Flag_of_Independence.mp3,4fc00a2552871b91257edb6e006b99c4dea2032ac50e24f79aa7d15ea04a0648,2798.32,44100,2,,-17.36,0.0,Harvard AWM (Spec Coll 103),unknown,Heesaha Calanka (Songs for the Flag of Independence),Heesaha Calanka (Songs for the Flag of Independence),,
/Users/khalidibrahim/Downloads/01_raw_mp3/track_0360_Side_A_Track_2_Goormaan_ladnaannay_1966-06-26.mp3,96f49363bb803f4d4d6c5b6f3d4df1319c66a2fd5b1679eea3c062807dc3f0d5,374.33,44100,2,,-17.13,0.0001,Harvard AWM (Spec Coll 103),unknown,"Goormaan ladnaannay, 1966-06-26",Heesaha Calanka (Songs for the Flag of Independence),1966.0,
/Users/khalidibrahim/Downloads/01_raw_mp3/track_0361_Side_B_Track_5_Soomaaliyeey_soconnoo_1967-06-20.mp3,3ea5f799bb5a83d2363dd211d523407fc9aeda9d86caf4a5b7f2a44b7f5ab20d,759.88,44100,2,,-19.42,0.0,Harvard AWM (Spec Coll 103),unknown,"Soomaaliyeey soconnoo, 1967-06-20",Heesaha Calanka (Songs for the Flag of Independence),1967.0,
/Users/khalidibrahim/Downloads/01_raw_mp3/track_0367_Side_B_Track_1_Na_bal_kaalay_oo_bal_kaalay_1964-04-29.mp3,9a0f3364bd7ef53578085f827719248e65a3cfbe82ca96344bf175b0517eabda,575.37,44100,2,,-19.37,0.0,Harvard AWM (Spec Coll 103),unknown,"Na bal kaalay oo bal kaalay, 1964-04-29",Side B. Track [6?]: Bal u fiiro yeesha,1964.0,
/Users/khalidibrahim/Downloads/01_raw_mp3/track_0371_Cumar_Dhuule_Omar_Dule.mp3,82ec1fbe4c8b643d0f03db96aa091dc8844480c7d84e72dc88f5b7a38c61e042,2798.76,44100,2,,-17.5,0.0,Harvard AWM (Spec Coll 103),unknown,Cumar Dhuule (Omar Dule),Cumar Dhuule (Omar Dule),,
/Users/khalidibrahim/Downloads/01_raw_mp3/track_0391_Cumar_Nuur_Cabdulle_Omar_Nur_Abdalla.mp3,5ee16f2dcc3b2274d02001d5df4faef858552a06a06f35e11f2914ca2ff72c75,1869.53,44100,2,,-16.34,0.0,Harvard AWM (Spec Coll 103),unknown,Cumar Nuur Cabdulle (Omar Nur Abdalla),Cumar Nuur Cabdulle (Omar Nur Abdalla),,
/Users/khalidibrahim/Downloads/01_raw_mp3/track_0397_Aqoon_and_Afgarad.mp3,610b68c896d8ed3e62faf46dea0964b01cdcc192c2432e0b552ed46d22070d93,1696.52,44100,2,,-11.74,0.001,Harvard AWM (Spec Coll 103),unknown,Aqoon and Afgarad,Aqoon and Afgarad,,
/Users/khalidibrahim/Downloads/01_raw_mp3 2/somali_test_001.mp3,cc9f12711e1f5498e91190d7d3460b6c44d40e77c014abfda9cb73f28ee02281,1796.55,44100,2,,-17.45,0.0001,"other (test file, not an AWM track)",unknown,,,,
/Users/khalidibrahim/Downloads/01_raw_mp3 2/track_0001_Sahro_Axmed_Sahra_Ahmed_and_others.mp3,e78261dbfbe89be5a3b07eb88db567ac7521e9337f518b96efabae5c13a6b00f,1784.58,44100,2,,-15.18,0.0001,Harvard AWM (Spec Coll 103),unknown,Sahro Axmed (Sahra Ahmed) and others,Sahro Axmed (Sahra Ahmed),,
/Users/khalidibrahim/Downloads/01_raw_mp3 2/track_0002_Side_A_Track_1_Wisiisi_Longing.mp3,837fc68ccd7d8da42c8dd299b7976623e717376a17e1bdd037e6eadaf67b0082,879.93,44100,2,,-15.13,0.0,Harvard AWM (Spec Coll 103),unknown,Wisiisi (Longing),Sahro Axmed (Sahra Ahmed),,
/Users/khalidibrahim/Downloads/01_raw_mp3 2/track_0003_Side_A_Track_2_Carro-edeg.mp3,9786a36f67d635b81973a38b49a1de74b9eff1e36b6cb31724a0da36cb447997,471.8,44100,2,,-15.13,0.0001,Harvard AWM (Spec Coll 103),unknown,Carro-edeg,Sahro Axmed (Sahra Ahmed),,
/Users/khalidibrahim/Downloads/01_raw_mp3 2/track_0004_Side_A_Track_3_Guyaal_Caashaqii.mp3,3e45a62fbbdc425cb2a900a51d741aec9054e84d6ffbfcc2af9b4e312b9d1304,430.05,44100,2,,-15.32,0.0,Harvard AWM (Spec Coll 103),unknown,Guyaal Caashaqii,Sahro Axmed (Sahra Ahmed),,
/Users/khalidibrahim/Downloads/01_raw_mp3 2/track_0005_Side_B_Track_1_Balanbaallis.mp3,c96d7fa6986316daafe2b67281578b711666ca3684e6046301346ee8eddefebd,410.91,44100,2,,-13.53,0.0,Harvard AWM (Spec Coll 103),unknown,Balanbaallis,Sahro Axmed (Sahra Ahmed),,
/Users/khalidibrahim/Downloads/01_raw_mp3 2/track_0006_Side_B_Track_2_Bal_Aan_Saadsho.mp3,c3848492f99d7201414a15f6ecbf51f60fe81a544af4f2faf40ca333ed3955ac,813.95,44100,2,,-12.93,0.0,Harvard AWM (Spec Coll 103),unknown,Bal Aan Saadsho,Sahro Axmed (Sahra Ahmed),,
/Users/khalidibrahim/Downloads/01_raw_mp3 2/track_0007_Side_B_Track_3_Dhinbilo_Qudhac.mp3,1c2321aee043d153b7ba950fcec873070f63874668cab92c58a30f4c91675889,65.57,44100,2,,-13.22,0.0008,Harvard AWM (Spec Coll 103),unknown,Dhinbilo Qudhac,Sahro Axmed (Sahra Ahmed),,
/Users/khalidibrahim/Downloads/01_raw_mp3 2/track_0008_Side_B_Track_4_Rifdoor_Rêve_dOr.mp3,04bbd4cdaa2a876c23998b394dc754c4ff1b94af92c94aaadf4d0ea99118b6eb,238.84,44100,2,,-14.68,0.0001,Harvard AWM (Spec Coll 103),unknown,Rifdoor (Rêve d'Or),Sahro Axmed (Sahra Ahmed),,
/Users/khalidibrahim/Downloads/01_raw_mp3 2/track_0009_Songs_of_the_Play_Ninkeeda_ku_amaahday.mp3,2fdcddf0e1470311023b9fd0e7dedbd1ff509188010b8480dc49ed08e77ce6e0,1910.23,44100,2,,-27.39,0.0,Harvard AWM (Spec Coll 103),unknown,Songs of the Play: Ninkeeda ku amaahday,Songs of the Play: Ninkeeda ku amaahday,,
/Users/khalidibrahim/Downloads/01_raw_mp3 2/track_0010_Side_A_Track_1_Ammaan_aan_la_koobcin.mp3,98e5d858708629d80588d3e7c7b030a2aabbf0ce368c2106f8c76fd936893ad2,353.15,44100,2,,-25.69,0.0,Harvard AWM (Spec Coll 103),unknown,Ammaan aan la koobcin,Songs of the Play: Ninkeeda ku amaahday,,
/Users/khalidibrahim/Downloads/01_raw_mp3 2/track_0011_Side_A_Track_2_Waa_Cawro_Something_of_which_to_be_ashamed.mp3,40111e9c283cc7f822d2e32b9f0860bd80936ab740145c7393857eb19f54ff4a,269.71,44100,2,,-26.23,0.0,Harvard AWM (Spec Coll 103),unknown,Waa Cawro (Something of which to be ashamed),Songs of the Play: Ninkeeda ku amaahday,,
/Users/khalidibrahim/Downloads/01_raw_mp3 2/track_0012_Side_A_Track_3_Jacaylkaygu_Waa_Tiro.mp3,0198f38c32a859cad008c1c1db0a8d707a93d0f78ce2b530f24efff3c484948c,363.02,44100,2,,-25.76,0.0,Harvard AWM (Spec Coll 103),unknown,Jacaylkaygu Waa Tiro,Songs of the Play: Ninkeeda ku amaahday,,
/Users/khalidibrahim/Downloads/01_raw_mp3 2/track_0013_Side_A_Track_4_Gari_ma_ku_gashaa.mp3,caa44cdd98415bfb72458b60ca95badd68cfe1efc9a417cb50c6fca81cd53e08,624.95,44100,2,,-30.92,0.0,Harvard AWM (Spec Coll 103),unknown,Gari ma ku gashaa,Songs of the Play: Ninkeeda ku amaahday,,
/Users/khalidibrahim/Downloads/01_raw_mp3 2/track_0016_Side_B_Track_3_Hadhuub_caano_ah.mp3,a130d7ec7f62c0a4b35ea344361c31779170466035d2d9e081e099177df0140f,516.7,44100,2,,-25.63,0.0,Harvard AWM (Spec Coll 103),unknown,Hadhuub caano ah,Songs of the Play: Ninkeeda ku amaahday,,
/Users/khalidibrahim/Downloads/01_raw_mp3 2/track_0017_Side_B_Track_4_Soo_Hor_Caashaqa_1974.mp3,a5d58e1c93d621026e015313c147aad84e90ab368deb5ea7f925f3b735895efa,555.99,44100,2,,-30.75,0.0,Harvard AWM (Spec Coll 103),unknown,"Soo Hor Caashaqa, 1974",Songs of the Play: Ninkeeda ku amaahday,1974.0,
/Users/khalidibrahim/Downloads/01_raw_mp3 2/track_0018_Hibo_Maxamed_and_Faysal_Cumar_Mushteeg_Hibo_Mohamed_and_Faisal_Omar_Mushteeg.mp3,b3a195d13a8b191f7e23181525271d4a4566041cfb959c8cccd0da995338eee6,1875.41,44100,2,,-20.22,0.0,Harvard AWM (Spec Coll 103),unknown,Hibo Maxamed and Faysal Cumar Mushteeg (Hibo Mohamed and Faisal Omar Mushteeg),Hibo Maxamed and Faysal Cumar Mushteeg (Hibo Mohamed and Faisal Omar Mushteeg),,
/Users/khalidibrahim/Downloads/01_raw_mp3 2/track_0019_Side_A_Track_1_Sabab_Kale_Ha_Moodin_Hibo_version.mp3,360773a716fe1b8630d6fbde98e1de0e400d3747b69bdc7d1e6d1e862eb2d4ab,520.31,44100,2,,-20.31,0.0,Harvard AWM (Spec Coll 103),unknown,Sabab Kale Ha Moodin (Hibo version),Hibo Maxamed and Faysal Cumar Mushteeg (Hibo Mohamed and Faisal Omar Mushteeg),,
/Users/khalidibrahim/Downloads/01_raw_mp3 2/track_0021_Side_A_Track_3_Hay_gabineh_hay_goyneh.mp3,8ca63c4d7b083dd492c6f71350c87c41d94148de17f4360a24aed38bcdb6d639,392.41,44100,2,,-19.65,0.0,Harvard AWM (Spec Coll 103),unknown,Hay gabineh hay goyneh,Hibo Maxamed and Faysal Cumar Mushteeg (Hibo Mohamed and Faisal Omar Mushteeg),,
/Users/khalidibrahim/Downloads/01_raw_mp3 2/track_0022_Side_A_Track_4_Raaxeeye.mp3,ea61ec348f0c4406265dc00a3f6d743decd4b12f77d117aee4692949febddaa1,562.73,44100,2,,-20.98,0.0,Harvard AWM (Spec Coll 103),unknown,Raaxeeye,Hibo Maxamed and Faysal Cumar Mushteeg (Hibo Mohamed and Faisal Omar Mushteeg),,
/Users/khalidibrahim/Downloads/01_raw_mp3 2/track_0026_Side_B_Track_4_Laalay.mp3,9dc82cf7cf76010528b493c3672f6dbfddc1f2dcf48663a7abb42efaddf9ed10,365.9,44100,2,,-20.09,0.0,Harvard AWM (Spec Coll 103),unknown,Laalay,Hibo Maxamed and Faysal Cumar Mushteeg (Hibo Mohamed and Faisal Omar Mushteeg),,
/Users/khalidibrahim/Downloads/01_raw_mp3 2/track_0028_Benadiri_Reer_Xamar_Songs_from_the_play_Luul_iyo_Leyla.mp3,35e65fca4816578c10858f1ea7a31cabc989a25203ec5a1b82bc143e3a92024d,1822.15,44100,2,,-16.06,0.0,Harvard AWM (Spec Coll 103),unknown,"Benadiri (Reer Xamar) Songs from the play ""Luul iyo Leyla""","Benadiri (Reer Xamar) Songs from the play ""Luul iyo Leyla""",,
/Users/khalidibrahim/Downloads/01_raw_mp3 2/track_0034_Side_B_Track_4.mp3,b027abc0fc566b59232a014c8bd3ec1afc09e24018b38c4651c4a22190b9f411,318.3,44100,2,,-16.47,0.0004,Harvard AWM (Spec Coll 103),unknown,.,"Benadiri (Reer Xamar) Songs from the play ""Luul iyo Leyla""",,
/Users/khalidibrahim/Downloads/01_raw_mp3 2/track_0036_Heeso_Xul_ah_Qaraami_Qaraami_songs_by_different_singers.mp3,de7b5a9dc0902be76096b240198b0b9fa628797dd684de8aa1f4c31ea26831a8,1858.74,44100,2,,-21.5,0.0,Harvard AWM (Spec Coll 103),unknown,Heeso Xul ah (Qaraami): Qaraami songs by different singers,Heeso Xul ah (Qaraami): Qaraami songs by different singers,,Qaraami
/Users/khalidibrahim/Downloads/01_raw_mp3 2/track_0045_Songs_by_Xasan_Aadan_Samatar_Hasan_Aden_Samatar.mp3,5773f18031ed38e4978f31664d588329032afdbfe624707867a750864bd0dbd4,1850.1,44100,2,,-18.84,0.0001,Harvard AWM (Spec Coll 103),unknown,Songs by Xasan Aadan Samatar (Hasan Aden Samatar),Xasan Aadan Samatar (Hasan Aden Samatar),,
/Users/khalidibrahim/Downloads/01_raw_mp3 2/track_0156_Songs_from_Maandeeq_Gacayte_Ismaacil_Yare_Ismail_Yare_Cabdalla_Sagsaag_Abdala_Sagsag_Faysal_Cumar_Mu.mp3,b1952a597b52044fea2457f77d1430d945f19cdd7375d69f08ebb755a50a9920,1891.87,44100,2,,-15.25,0.0,Harvard AWM (Spec Coll 103),unknown,"Songs from Maandeeq, Gacayte Ismaacil Yare (Ismail Yare), Cabdalla Sagsaag (Abdala Sagsag), Faysal Cumar Mushteeg (Faisal Omar Mushtek), Axmed Cali Dararamle (Ahmed Ali Daramle)","Songs from Maandeeq, Gacayte Ismaacil Yare (Ismail Yare), Cabdalla Sagsaag (Abdala Sagsag), Faysal Cumar Mushteeg (Faisal Omar Mushtek), Axmed Cali Dararamle (Ahmed Ali Daramle)",,
/Users/khalidibrahim/Downloads/01_raw_mp3 2/track_0157_Songs_from_Maxamed_Suleebaan_Mohamed_Sulaiman_Sulfa_Xaliima_Milano_Halima_Milano_Khadra_Daahir_Khadr.mp3,b38c849c81103c84ec9501a2c4e8b50d41654dd3554fdb9b2d78c4678a38f5d8,1868.93,44100,2,,-15.45,0.0001,Harvard AWM (Spec Coll 103),unknown,"Songs from Maxamed Suleebaan (Mohamed Sulaiman), Sulfa, Xaliima Milano (Halima Milano), Khadra Daahir (Khadra Dahir), Saalax Qaasim (Salah Kassim), and Shammuuri","Songs from Maxamed Suleebaan (Mohamed Sulaiman), Sulfa, Xaliima Milano (Halima Milano), Khadra Daahir (Khadra Dahir), Saalax Qaasim (Salah Kassim), and Shammuuri",,
/Users/khalidibrahim/Downloads/01_raw_mp3 2/track_0158_Songs_by_Dalays_Baxsan_Xaaji_Cali_Bahsan_Haji_Ali_Faadumo_Cabdillaahi_Maandeeq_Fadumo_Abdillahi_Maan.mp3,d12e73cde80e9f152a5698e122900c8a9f0cbefbf1f005997c4f32aac43252c8,1510.48,44100,2,,-18.05,0.0,Harvard AWM (Spec Coll 103),unknown,"Songs by Dalays, Baxsan Xaaji Cali (Bahsan Haji Ali), Faadumo Cabdillaahi Maandeeq (Fadumo Abdillahi Maandeeq)","Dalays, Baxsan Xaaji Cali (Bahsan Haji Ali), Faadumo Cabdillaahi Maandeeq (Fadumo Abdillahi Maandeeq)",,
/Users/khalidibrahim/Downloads/01_raw_mp3 2/track_0193_Songs_by_Hibo_Maxamed_Huddoon_Hibo_Mohamed_Huddoon.mp3,5d71fb2945954ed924f9f5c63542a155ebeedf57538c5e6274f601edf1e57167,1889.8,44100,2,,-17.81,0.0,Harvard AWM (Spec Coll 103),unknown,Songs by Hibo Maxamed Huddoon (Hibo Mohamed Huddoon),Hibo Maxamed Huddoon (Hibo Mohamed Huddoon),,
/Users/khalidibrahim/Downloads/raw/track_0001_Sahro_Axmed_Sahra_Ahmed_and_others.wav,cd463fa765ed77ac7a0f87d73277078b7c95bba67509f0f6764707531f61309a,1784.57,44100,1,16,-20.88,0.0,Harvard AWM (Spec Coll 103) — WAV conversion,unknown,Sahro Axmed (Sahra Ahmed) and others,,,
/Users/khalidibrahim/Downloads/raw/track_0021_Side_A_Track_3_Hay_gabineh_hay_goyneh.wav,88392e8a933b8b0fe5dc8cde151e10f3064018a6f89b3fc33c49a8096714b949,392.4,44100,1,16,-16.78,0.0,Harvard AWM (Spec Coll 103) — WAV conversion,unknown,Side A. Track 3: Hay gabineh hay goyneh,,,
/Users/khalidibrahim/Downloads/raw/track_0026_Side_B_Track_4_Laalay.wav,09575d1a55653a3d8daedf5532102e8dffd166009fed33e5745c5fba8e3eb0c7,365.89,44100,1,16,-16.73,0.0,Harvard AWM (Spec Coll 103) — WAV conversion,unknown,Side B. Track 4: Laalay,,,
/Users/khalidibrahim/Downloads/raw/track_0036_Heeso_Xul_ah_Qaraami_Qaraami_songs_by_different_singers.wav,fcb72e1b74b333f8008fe975de1aef8351e1eecf63825a11237feb4cb8a0ce24,1858.73,44100,1,16,-18.53,0.0,Harvard AWM (Spec Coll 103) — WAV conversion,unknown,Heeso Xul ah (Qaraami): Qaraami songs by different singers,,,Qaraami
/Users/khalidibrahim/Downloads/raw/track_0041_Side_B_Track_1_Yaaleey_Qaraami.wav,42a686d19414ad333bac99f72853c10bfab3b1858fba9b812c537ebc8d126ca7,355.8,44100,1,16,-13.87,0.0,Harvard AWM (Spec Coll 103) — WAV conversion,unknown,Side B. Track 1: Yaaleey Qaraami,,,Qaraami
/Users/khalidibrahim/Downloads/raw/track_0467_Side_B_Track_2_Raaxeeye_Qaraami_1965-11-16.wav,672829252a4651e96effa67b2e1839763ae15f5d158395a387c06727e5100640,502.24,44100,1,16,-20.66,0.0,Harvard AWM (Spec Coll 103) — WAV conversion,unknown,"Side B. Track 2: Raaxeeye Qaraami, 1965-11-16",,1965,Qaraami
/Users/khalidibrahim/Downloads/raw/track_0473_Side_A_Track_3_Soo_noqo_adoo_nabad_ah.wav,74b3fcf396474c6f4144828f0e0e253b80327a10abc81a45d14dd400682d4c80,885.12,44100,1,16,-25.49,0.0,Harvard AWM (Spec Coll 103) — WAV conversion,unknown,Side A. Track 3: Soo noqo adoo nabad ah,,,
/Users/khalidibrahim/Downloads/raw/track_0480_Side_A_Track_1_Qaraami_1.wav,45d96eeca1a361f50b5e134a2c2db824dca51da37d2ccaf24a39d05e924f3b7e,523.56,44100,1,16,-15.75,0.0,Harvard AWM (Spec Coll 103) — WAV conversion,unknown,Side A. Track 1: Qaraami 1,,,Qaraami
/Users/khalidibrahim/Downloads/raw/track_0481_Side_A_Track_2_Qaraami_2.wav,68fca89ceedda67f5a2ad6d93da64b69e9e43a7f65fad3a134f54527734d46fb,513.71,44100,1,16,-15.01,0.0,Harvard AWM (Spec Coll 103) — WAV conversion,unknown,Side A. Track 2: Qaraami 2,,,Qaraami
/Users/khalidibrahim/Downloads/raw/track_0482_Side_A_Track_3_Qaraami_3.wav,c3c6bb0db7320f790d19cee619b626ae9b8e3d90dfe99d2b9756ff39afce99fb,597.59,44100,1,16,-14.56,0.0,Harvard AWM (Spec Coll 103) — WAV conversion,unknown,Side A. Track 3: Qaraami 3,,,Qaraami
/Users/khalidibrahim/Downloads/raw/track_0483_Side_A_Track_4_Qaraami_4.wav,c5c2c47fa03340968fc96f1ff23559d5da1f0203058188d77c70b5c5e3a0628d,233.81,44100,1,16,-14.62,0.0,Harvard AWM (Spec Coll 103) — WAV conversion,unknown,Side A. Track 4: Qaraami 4,,,Qaraami
/Users/khalidibrahim/Downloads/raw/track_0484_Side_B_Track_1_Qaraami_5.wav,0c5048a4385744d6983b16099152c983f662070d29514d48f087f3d4f894eca1,318.84,44100,1,16,-16.11,0.0,Harvard AWM (Spec Coll 103) — WAV conversion,unknown,Side B. Track 1: Qaraami 5,,,Qaraami
/Users/khalidibrahim/Downloads/raw/track_0485_Side_B_Track_2_Qaraami_6.wav,7257f9fbb2d010a4e67604536c76c51498e3a7dbcccc6248a2969a3d30e4e47e,422.05,44100,1,16,-18.57,0.0,Harvard AWM (Spec Coll 103) — WAV conversion,unknown,Side B. Track 2: Qaraami 6,,,Qaraami
/Users/khalidibrahim/Downloads/raw/track_0486_Side_B_Track_3_Qaraami_7.wav,a6a899a0b26d638aeec411b83ef92289f8501dbbddb6be25e9d48cffe74f8d07,583.17,44100,1,16,-15.35,0.0,Harvard AWM (Spec Coll 103) — WAV conversion,unknown,Side B. Track 3: Qaraami 7,,,Qaraami
/Users/khalidibrahim/Downloads/raw/track_0497_Side_A_Track_1_Xaggaaga_markaan_u_ciiray.wav,2f3987c6f0abe663cb4199ebb5a52d993bbc1e9903ecc39a958ef479127123de,213.57,44100,1,16,-17.43,0.0,Harvard AWM (Spec Coll 103) — WAV conversion,unknown,Side A. Track 1: Xaggaaga markaan u ciiray,,,
/Users/khalidibrahim/Downloads/raw/track_0943_Side_B_Track_4_Ma_ogiye_jacayl.wav,9d6b5677a1c0340bbaf4a1b0cb95cb00c9cfe5a5fbbf2dbd6e57c6e8f861ce4a,406.82,44100,1,16,-17.04,0.0,Harvard AWM (Spec Coll 103) — WAV conversion,unknown,Side B. Track 4: Ma ogiye jacayl,,,
/Users/khalidibrahim/Downloads/raw/track_0967_Side_B_Track_4_Nugul__Roobkii_helay_Qaraami.wav,4f9e268233b7275b541ab8d0bb2b51f69828c4a6207156e9cb7a816aa1d3c222,363.04,44100,1,16,-21.51,0.0,Harvard AWM (Spec Coll 103) — WAV conversion,unknown,Side B. Track 4: Nugul – Roobkii helay (Qaraami),,,Qaraami
/Users/khalidibrahim/Downloads/raw/track_0969_Side_A_Track_1_Waranka_caashaqa.wav,888ccb9286388428fee4af989131dc49661feb131a68c86b5cc32a9af42b5fb5,609.37,44100,1,16,-18.08,0.0,Harvard AWM (Spec Coll 103) — WAV conversion,unknown,Side A. Track 1: Waranka caashaqa,,,
/Users/khalidibrahim/Downloads/raw/track_0970_Side_A_Track_2_Awrkii_Cirka.wav,4341de295c4c3c7ff88c9c5063c70d5408ee6bc5b07eb7d364694ace19331dd9,550.02,44100,1,16,-21.9,0.0,Harvard AWM (Spec Coll 103) — WAV conversion,unknown,Side A. Track 2: Awrkii Cirka,,,
