step,train_loss,val_loss,lr,sec_per_step
0,,4.6262,0.0,
1,9.3846,,2.00e-07,10.6
2,9.2943,,4.00e-07,10.45
3,9.6388,,6.00e-07,10.51
4,9.3831,,8.00e-07,10.47
5,9.5575,,1.00e-06,10.38
6,9.5388,,1.20e-06,10.47
7,9.2803,,1.40e-06,10.5
8,9.473,,1.60e-06,10.36
9,9.3524,,1.80e-06,10.34
10,9.5393,,2.00e-06,10.39
11,9.3867,,2.20e-06,10.89
12,9.4774,,2.40e-06,10.4
13,9.3993,,2.60e-06,10.37
14,9.3024,,2.80e-06,10.34
15,9.5468,,3.00e-06,10.41
16,9.3778,,3.20e-06,10.35
17,9.3766,,3.40e-06,10.35
18,9.3516,,3.60e-06,10.36
19,9.4379,,3.80e-06,10.34
20,9.3113,,4.00e-06,10.32
21,9.4137,,4.20e-06,10.39
22,9.3786,,4.40e-06,10.37
23,9.4115,,4.60e-06,10.37
24,9.6415,,4.80e-06,10.38
25,9.3327,,5.00e-06,10.38
26,9.3216,,5.20e-06,10.64
27,9.4654,,5.40e-06,10.23
28,9.3513,,5.60e-06,9.66
29,9.4779,,5.80e-06,11.42
30,9.3687,,6.00e-06,11.75
31,9.2986,,6.20e-06,11.22
32,9.41,,6.40e-06,11.75
33,9.5417,,6.60e-06,11.66
34,9.2476,,6.80e-06,11.55
35,9.1142,,7.00e-06,11.26
36,9.1558,,7.20e-06,11.57
37,9.1728,,7.40e-06,11.23
38,9.2991,,7.60e-06,11.42
39,9.1528,,7.80e-06,11.72
40,9.4143,,8.00e-06,11.33
41,9.1724,,8.20e-06,10.42
42,9.3696,,8.40e-06,10.37
43,9.2022,,8.60e-06,10.34
44,9.2449,,8.80e-06,10.33
45,9.3202,,9.00e-06,10.33
46,9.3096,,9.20e-06,10.36
47,9.0946,,9.40e-06,10.39
48,9.1406,,9.60e-06,10.34
49,9.1688,,9.80e-06,10.39
50,9.3282,,1.00e-05,10.43
51,9.0896,,1.02e-05,10.36
52,9.1102,,1.04e-05,10.4
53,9.0744,,1.06e-05,10.41
54,8.9976,,1.08e-05,10.5
55,9.0055,,1.10e-05,10.37
56,9.0818,,1.12e-05,10.41
57,8.9821,,1.14e-05,10.35
58,9.0207,,1.16e-05,10.38
59,8.9656,,1.18e-05,10.45
60,8.7779,,1.20e-05,10.41
61,8.8415,,1.22e-05,10.33
62,8.8469,,1.24e-05,10.38
63,8.8055,,1.26e-05,10.39
64,8.7682,,1.28e-05,10.4
65,8.6923,,1.30e-05,10.35
66,8.7207,,1.32e-05,10.4
67,8.7338,,1.34e-05,10.34
68,8.6884,,1.36e-05,10.35
69,8.7183,,1.38e-05,10.38
70,8.6058,,1.40e-05,9.96
71,8.6367,,1.42e-05,9.64
72,8.5248,,1.44e-05,9.64
73,8.5638,,1.46e-05,9.63
74,8.5156,,1.48e-05,9.65
75,8.4605,,1.50e-05,9.61
76,8.4269,,1.52e-05,9.57
77,8.4047,,1.54e-05,9.64
78,8.3166,,1.56e-05,9.6
79,8.2915,,1.58e-05,9.54
80,8.2527,,1.60e-05,9.63
81,8.2221,,1.62e-05,9.61
82,8.0419,,1.64e-05,9.59
83,7.9913,,1.66e-05,9.64
84,7.9513,,1.68e-05,9.63
85,7.8781,,1.70e-05,9.49
86,7.8897,,1.72e-05,9.55
87,7.7785,,1.74e-05,9.55
88,7.9371,,1.76e-05,9.52
89,7.9317,,1.78e-05,9.57
90,7.7592,,1.80e-05,9.65
91,7.6992,,1.82e-05,9.61
92,7.8046,,1.84e-05,9.6
93,7.6803,,1.86e-05,9.58
94,7.5407,,1.88e-05,9.56
95,7.654,,1.90e-05,9.57
96,7.6119,,1.92e-05,9.66
97,7.5586,,1.94e-05,9.52
98,7.5764,,1.96e-05,9.52
99,7.6806,,1.98e-05,9.61
100,7.3276,,2.00e-05,9.58
100,,4.7635,2.00e-05,
101,7.4066,,2.00e-05,9.58
102,7.2397,,2.00e-05,9.61
103,7.258,,2.00e-05,9.55
104,7.2629,,2.00e-05,9.59
105,7.2597,,2.00e-05,9.63
106,7.3782,,2.00e-05,9.55
107,7.4354,,2.00e-05,9.52
108,7.4685,,2.00e-05,9.56
109,7.4137,,2.00e-05,9.75
110,7.3138,,2.00e-05,9.86
111,7.3728,,2.00e-05,9.91
112,7.0947,,2.00e-05,9.93
113,7.2797,,2.00e-05,9.83
114,7.1601,,2.00e-05,9.82
115,7.2925,,2.00e-05,9.91
116,6.984,,2.00e-05,9.91
117,7.1939,,2.00e-05,10.08
118,7.096,,2.00e-05,9.95
119,6.9572,,2.00e-05,9.79
120,7.2933,,2.00e-05,9.89
121,7.0392,,2.00e-05,9.84
122,7.2264,,2.00e-05,9.66
123,7.2047,,2.00e-05,9.63
124,7.1251,,2.00e-05,9.62
125,7.1114,,2.00e-05,9.5
126,7.1175,,2.00e-05,9.62
127,7.1102,,2.00e-05,9.68
128,7.1566,,2.00e-05,9.64
129,7.0907,,2.00e-05,9.61
130,7.1323,,2.00e-05,9.67
131,7.1909,,2.00e-05,10.75
132,7.007,,2.00e-05,10.2
133,7.014,,2.00e-05,10.68
134,7.0278,,2.00e-05,9.99
135,7.2118,,2.00e-05,9.95
136,7.0694,,2.00e-05,10.57
137,6.9522,,2.00e-05,10.45
138,7.0657,,2.00e-05,10.6
139,7.0574,,2.00e-05,10.77
140,7.0481,,2.00e-05,10.42
141,7.0824,,2.00e-05,10.33
142,6.9379,,2.00e-05,10.37
143,6.9241,,2.00e-05,10.35
144,6.9963,,2.00e-05,10.34
145,7.0064,,1.99e-05,9.97
146,6.8473,,1.99e-05,9.71
147,7.1469,,1.99e-05,9.75
148,6.9024,,1.99e-05,9.7
149,7.057,,1.99e-05,9.77
150,6.7924,,1.99e-05,9.69
151,6.9178,,1.99e-05,9.72
152,7.1242,,1.99e-05,9.72
153,6.9727,,1.99e-05,10.55
154,7.0152,,1.99e-05,10.36
155,6.8109,,1.99e-05,10.47
156,7.0059,,1.99e-05,10.31
157,6.868,,1.99e-05,10.3
158,7.121,,1.99e-05,10.31
159,6.8952,,1.99e-05,10.35
160,6.9665,,1.99e-05,10.31
161,6.7843,,1.99e-05,10.35
162,7.2175,,1.99e-05,10.31
163,6.8141,,1.99e-05,10.32
164,7.0735,,1.99e-05,10.33
165,7.0207,,1.99e-05,10.65
166,7.2462,,1.99e-05,9.87
167,7.0592,,1.99e-05,9.7
168,6.976,,1.99e-05,9.63
169,6.8196,,1.99e-05,9.68
170,6.8541,,1.99e-05,9.63
171,6.8938,,1.99e-05,9.65
172,6.9075,,1.99e-05,9.66
173,6.8992,,1.99e-05,9.63
174,6.7952,,1.99e-05,9.59
175,6.9979,,1.99e-05,9.57
176,6.9305,,1.99e-05,9.67
177,7.0823,,1.99e-05,9.76
178,6.9303,,1.98e-05,9.7
179,6.743,,1.98e-05,9.7
180,6.8892,,1.98e-05,9.64
181,6.835,,1.98e-05,9.62
182,6.8396,,1.98e-05,9.63
183,6.9466,,1.98e-05,9.63
184,6.8292,,1.98e-05,9.67
185,6.686,,1.98e-05,9.65
186,7.0632,,1.98e-05,9.67
187,6.8791,,1.98e-05,9.62
188,6.8736,,1.98e-05,9.63
189,6.9429,,1.98e-05,9.62
190,7.0704,,1.98e-05,9.67
191,6.9803,,1.98e-05,9.65
192,6.9512,,1.98e-05,9.64
193,7.067,,1.98e-05,9.65
194,6.7942,,1.98e-05,9.65
195,7.0628,,1.98e-05,9.64
196,7.0647,,1.98e-05,9.65
197,6.6639,,1.98e-05,9.64
198,6.9975,,1.98e-05,9.63
199,6.9606,,1.98e-05,9.6
200,7.0358,,1.97e-05,9.73
201,6.8622,,1.97e-05,9.69
202,6.9533,,1.97e-05,9.64
203,7.2175,,1.97e-05,9.64
204,6.856,,1.97e-05,9.65
205,6.8137,,1.97e-05,9.58
206,7.0143,,1.97e-05,9.53
207,6.8473,,1.97e-05,9.65
208,6.9283,,1.97e-05,9.72
209,6.946,,1.97e-05,9.67
210,6.866,,1.97e-05,9.67
211,6.7487,,1.97e-05,9.67
212,7.0806,,1.97e-05,9.63
213,7.0718,,1.97e-05,9.67
214,6.9075,,1.97e-05,9.66
215,6.827,,1.97e-05,9.66
216,6.9517,,1.97e-05,9.61
217,6.7359,,1.97e-05,9.63
218,6.9501,,1.97e-05,9.63
219,6.7203,,1.96e-05,9.65
220,6.8946,,1.96e-05,9.64
221,6.8831,,1.96e-05,9.63
222,6.8829,,1.96e-05,9.56
223,6.9236,,1.96e-05,9.66
224,6.8849,,1.96e-05,9.65
225,6.9346,,1.96e-05,9.65
226,6.8783,,1.96e-05,9.63
227,6.9632,,1.96e-05,9.69
228,6.8142,,1.96e-05,9.66
229,7.0117,,1.96e-05,9.65
230,6.9698,,1.96e-05,9.59
231,6.7784,,1.96e-05,9.49
232,6.8631,,1.96e-05,9.66
233,6.9522,,1.96e-05,9.64
234,6.8158,,1.96e-05,9.77
235,6.961,,1.95e-05,9.66
236,7.0377,,1.95e-05,9.68
237,7.1882,,1.95e-05,9.62
238,6.8366,,1.95e-05,9.66
239,6.95,,1.95e-05,9.68
240,6.9349,,1.95e-05,9.73
241,6.8392,,1.95e-05,9.67
242,6.7501,,1.95e-05,9.73
243,6.8076,,1.95e-05,9.66
244,7.0191,,1.95e-05,9.65
245,6.9757,,1.95e-05,9.64
246,6.8264,,1.95e-05,9.58
247,6.7531,,1.95e-05,9.55
248,6.9751,,1.95e-05,9.68
249,6.931,,1.94e-05,9.63
250,6.7845,,1.94e-05,9.64
250,,6.7883,1.94e-05,
251,6.9616,,1.94e-05,9.61
252,6.8395,,1.94e-05,9.4
253,7.0368,,1.94e-05,9.36
254,6.7531,,1.94e-05,9.5
255,7.0418,,1.94e-05,9.31
256,6.9734,,1.94e-05,9.38
257,7.0117,,1.94e-05,9.38
258,6.9443,,1.94e-05,9.4
259,6.9347,,1.94e-05,9.28
260,6.8463,,1.94e-05,9.32
261,6.8303,,1.94e-05,9.28
262,6.9018,,1.93e-05,9.27
263,6.8319,,1.93e-05,9.16
264,6.9915,,1.93e-05,9.38
265,7.0125,,1.93e-05,9.34
266,6.8921,,1.93e-05,9.22
267,6.9049,,1.93e-05,9.14
268,6.8682,,1.93e-05,9.33
269,6.8677,,1.93e-05,9.23
270,6.8748,,1.93e-05,9.43
271,6.9417,,1.93e-05,9.26
272,6.7567,,1.93e-05,9.21
273,7.0595,,1.93e-05,9.14
274,6.9632,,1.92e-05,9.17
275,6.9363,,1.92e-05,9.32
276,6.6503,,1.92e-05,9.24
277,6.8649,,1.92e-05,9.39
278,6.8929,,1.92e-05,9.27
279,6.8149,,1.92e-05,9.16
280,6.9166,,1.92e-05,9.15
281,6.965,,1.92e-05,9.21
282,6.5123,,1.92e-05,9.21
283,6.7491,,1.92e-05,9.34
284,7.0073,,1.92e-05,9.27
285,6.6227,,1.92e-05,9.32
286,6.8832,,1.91e-05,9.3
287,6.7886,,1.91e-05,9.17
288,6.615,,1.91e-05,9.34
289,7.0772,,1.91e-05,9.27
290,6.8596,,1.91e-05,9.33
291,6.7626,,1.91e-05,9.28
292,6.7751,,1.91e-05,9.31
293,6.9858,,1.91e-05,9.29
294,6.9387,,1.91e-05,9.26
295,6.8212,,1.91e-05,9.22
296,6.953,,1.90e-05,9.33
297,6.7518,,1.90e-05,9.35
298,6.9988,,1.90e-05,9.23
299,6.7799,,1.90e-05,9.23
300,6.8005,,1.90e-05,9.16
301,6.8589,,1.90e-05,9.35
302,6.7544,,1.90e-05,9.19
303,6.9629,,1.90e-05,9.28
304,6.9011,,1.90e-05,9.3
305,6.8252,,1.90e-05,9.31
306,6.8926,,1.90e-05,9.27
307,6.8683,,1.89e-05,9.3
308,7.0354,,1.89e-05,9.28
309,7.0004,,1.89e-05,9.27
310,6.9071,,1.89e-05,9.28
311,6.8533,,1.89e-05,9.2
312,7.0523,,1.89e-05,9.32
313,7.0175,,1.89e-05,9.28
314,7.0557,,1.89e-05,9.4
315,6.8933,,1.89e-05,9.29
316,6.9381,,1.88e-05,9.28
317,6.8803,,1.88e-05,9.31
318,6.8688,,1.88e-05,9.24
319,6.8464,,1.88e-05,9.16
320,6.8883,,1.88e-05,9.35
321,6.8865,,1.88e-05,9.37
322,6.8926,,1.88e-05,9.2
323,6.7864,,1.88e-05,9.32
324,7.0115,,1.88e-05,9.3
325,6.8318,,1.88e-05,9.19
326,6.9844,,1.87e-05,9.17
327,6.7951,,1.87e-05,9.36
328,7.0675,,1.87e-05,9.66
329,6.8838,,1.87e-05,1020.46
330,6.7811,,1.87e-05,129.68
331,7.0371,,1.87e-05,28.43
332,6.8215,,1.87e-05,1028.55
333,6.88,,1.87e-05,1027.31
334,6.6765,,1.87e-05,26.28
335,6.91,,1.86e-05,13.51
336,6.8775,,1.86e-05,9.74
337,6.8701,,1.86e-05,9.25
338,6.7344,,1.86e-05,9.12
339,6.8504,,1.86e-05,9.13
340,6.7846,,1.86e-05,9.14
341,6.9915,,1.86e-05,9.28
342,6.8806,,1.86e-05,9.3
343,7.1292,,1.85e-05,9.14
344,6.8975,,1.85e-05,9.25
345,6.9291,,1.85e-05,9.14
346,6.9394,,1.85e-05,9.25
347,6.8902,,1.85e-05,9.28
348,6.9484,,1.85e-05,9.17
349,6.9064,,1.85e-05,9.13
350,6.7345,,1.85e-05,9.13
351,6.9312,,1.85e-05,9.14
352,6.8692,,1.84e-05,9.13
353,6.9219,,1.84e-05,9.16
354,6.7786,,1.84e-05,9.33
355,6.7669,,1.84e-05,9.22
356,6.9099,,1.84e-05,9.15
357,6.926,,1.84e-05,9.19
358,6.965,,1.84e-05,9.18
359,6.8018,,1.84e-05,9.12
360,6.8094,,1.83e-05,9.22
361,6.7771,,1.83e-05,9.13
362,7.0022,,1.83e-05,9.13
363,6.787,,1.83e-05,10.42
364,6.6877,,1.83e-05,9.29
365,6.9293,,1.83e-05,11.6
366,6.8496,,1.83e-05,9.85
367,6.9107,,1.83e-05,10.5
368,6.8685,,1.82e-05,10.27
369,7.0292,,1.82e-05,9.78
370,6.8083,,1.82e-05,9.64
371,6.9209,,1.82e-05,9.32
372,6.8533,,1.82e-05,9.34
373,7.0037,,1.82e-05,9.38
374,6.827,,1.82e-05,9.39
375,6.7607,,1.82e-05,9.27
376,6.8105,,1.81e-05,9.33
377,6.7865,,1.81e-05,10.2
378,7.0412,,1.81e-05,9.85
379,6.706,,1.81e-05,10.3
380,6.7607,,1.81e-05,11.12
381,6.8832,,1.81e-05,9.9
382,6.8657,,1.81e-05,9.49
383,6.8291,,1.81e-05,10.59
384,7.0154,,1.80e-05,9.86
385,6.8261,,1.80e-05,11.88
386,6.8469,,1.80e-05,9.83
387,6.7753,,1.80e-05,10.24
388,6.9074,,1.80e-05,9.58
389,6.9204,,1.80e-05,9.49
390,6.695,,1.80e-05,9.54
391,6.8031,,1.79e-05,10.3
392,6.9242,,1.79e-05,10.06
393,6.9396,,1.79e-05,10.03
394,7.0168,,1.79e-05,10.31
395,6.7889,,1.79e-05,9.65
396,6.7473,,1.79e-05,10.15
397,6.6399,,1.79e-05,10.12
398,6.6809,,1.78e-05,10.13
399,6.8794,,1.78e-05,10.1
400,6.9311,,1.78e-05,10.64
